arm,seed,step,loss,loss_r,loss_ic,loss_bc,rel_l2,w_ic,w_bc,gnorm_r,gnorm_ic,gnorm_bc
sym_w=0.01,0,0,9.393933e-02,8.854827e-02,5.196859e-01,1.942101e-02,8.160450e-01,1.000000e-02,1.000000e-02,2.125204e+00,4.032662e+00,6.365021e-01
sym_w=0.01,0,250,3.557283e-03,6.983011e-06,2.434333e-01,1.115967e-01,5.509660e-01,1.000000e-02,1.000000e-02,5.573674e-03,1.841825e+00,1.946807e+00
sym_w=0.01,0,500,7.305693e-04,4.564558e-05,4.843514e-02,2.005723e-02,1.596323e-01,1.000000e-02,1.000000e-02,7.638186e-03,3.400802e-01,2.960399e-01
sym_w=0.01,0,750,5.994829e-04,2.616372e-05,4.190369e-02,1.542823e-02,1.384577e-01,1.000000e-02,1.000000e-02,2.275612e-03,3.407695e-01,3.285917e-01
sym_w=0.01,0,1000,5.084150e-04,3.268908e-05,3.579032e-02,1.178228e-02,1.241823e-01,1.000000e-02,1.000000e-02,1.704828e-03,2.929103e-01,2.651205e-01
sym_w=0.01,0,1250,4.291505e-04,3.380529e-05,3.035032e-02,9.184198e-03,1.112534e-01,1.000000e-02,1.000000e-02,1.564090e-03,2.305891e-01,1.875907e-01
sym_w=0.01,0,1500,3.676325e-04,2.567764e-05,2.680545e-02,7.390032e-03,1.024130e-01,1.000000e-02,1.000000e-02,1.840627e-03,1.972061e-01,1.528523e-01
sym_w=0.01,0,1750,3.917573e-04,1.025688e-04,2.236770e-02,6.551145e-03,9.993738e-02,1.000000e-02,1.000000e-02,5.038195e-02,3.303336e-01,5.255754e-01
sym_w=0.01,0,2000,8.095010e-04,5.820271e-04,1.769805e-02,5.049343e-03,1.054578e-01,1.000000e-02,1.000000e-02,1.239321e-01,6.152854e-01,6.037236e-01
sym_w=0.01,0,2250,1.524428e-04,1.747328e-05,1.177305e-02,1.723900e-03,6.212985e-02,1.000000e-02,1.000000e-02,8.554423e-04,2.662910e-01,2.510829e-01
sym_w=0.01,0,2500,1.409324e-04,1.452296e-05,1.108456e-02,1.556387e-03,6.035006e-02,1.000000e-02,1.000000e-02,8.111818e-04,2.650777e-01,2.508989e-01
sym_w=0.01,0,2750,1.407063e-04,1.626417e-05,1.111111e-02,1.333111e-03,6.083650e-02,1.000000e-02,1.000000e-02,1.283182e-02,2.183134e-01,2.073320e-01
sym_w=0.01,0,3000,1.575632e-04,5.754689e-05,8.470028e-03,1.531601e-03,5.701695e-02,1.000000e-02,1.000000e-02,4.653950e-02,3.361567e-01,3.408782e-01
sym_w=0.01,1,0,3.288743e-02,2.589028e-02,6.840348e-01,1.567944e-02,7.597483e-01,1.000000e-02,1.000000e-02,1.390463e+00,5.149986e+00,1.087909e+00
sym_w=0.01,1,250,3.528310e-03,2.609419e-05,2.357438e-01,1.144778e-01,5.096671e-01,1.000000e-02,1.000000e-02,6.505445e-03,2.048596e+00,2.226072e+00
sym_w=0.01,1,500,9.513781e-04,1.288161e-04,5.850447e-02,2.375175e-02,1.865870e-01,1.000000e-02,1.000000e-02,2.887789e-03,9.026681e-01,8.836670e-01
sym_w=0.01,1,750,5.736970e-04,3.021802e-05,3.804385e-02,1.630405e-02,1.337484e-01,1.000000e-02,1.000000e-02,5.028014e-03,3.145443e-01,3.382337e-01
sym_w=0.01,1,1000,4.623460e-04,3.486515e-05,3.145736e-02,1.129073e-02,1.188824e-01,1.000000e-02,1.000000e-02,2.821240e-02,2.863215e-01,2.697549e-01
sym_w=0.01,1,1250,3.576738e-04,2.699044e-05,2.513884e-02,7.929495e-03,1.022846e-01,1.000000e-02,1.000000e-02,1.734420e-03,1.990027e-01,1.920917e-01
sym_w=0.01,1,1500,2.971992e-04,2.511111e-05,2.142664e-02,5.782167e-03,9.245524e-02,1.000000e-02,1.000000e-02,1.109007e-02,1.703790e-01,1.488049e-01
sym_w=0.01,1,1750,2.132214e-04,2.663292e-05,1.546908e-02,3.189768e-03,7.500819e-02,1.000000e-02,1.000000e-02,1.138099e-03,1.680529e-01,1.441744e-01
sym_w=0.01,1,2000,1.847805e-04,2.335384e-05,1.355045e-02,2.592218e-03,6.940525e-02,1.000000e-02,1.000000e-02,1.050222e-03,1.967872e-01,1.766381e-01
sym_w=0.01,1,2250,1.614304e-04,1.843865e-05,1.221073e-02,2.088438e-03,6.565582e-02,1.000000e-02,1.000000e-02,1.186659e-03,2.185559e-01,2.020324e-01
sym_w=0.01,1,2500,1.493303e-04,1.627227e-05,1.146144e-02,1.844358e-03,6.380170e-02,1.000000e-02,1.000000e-02,5.793691e-03,2.302290e-01,2.147033e-01
sym_w=0.01,1,2750,1.699178e-04,2.697841e-05,1.140163e-02,2.892308e-03,6.356068e-02,1.000000e-02,1.000000e-02,1.989497e-02,3.937643e-01,4.500294e-01
sym_w=0.01,1,3000,1.191297e-04,1.718743e-05,8.594816e-03,1.599409e-03,5.560024e-02,1.000000e-02,1.000000e-02,7.951880e-04,3.214070e-01,3.176544e-01
sym_w=0.01,2,0,6.357654e-02,5.608844e-02,7.359090e-01,1.290135e-02,1.224758e+00,1.000000e-02,1.000000e-02,1.755568e+00,4.826723e+00,4.108712e-01
sym_w=0.01,2,250,3.810121e-03,8.249796e-06,2.568495e-01,1.233376e-01,5.467990e-01,1.000000e-02,1.000000e-02,6.243729e-03,1.730147e+00,1.923296e+00
sym_w=0.01,2,500,8.025147e-04,1.084234e-04,4.809345e-02,2.131568e-02,1.612538e-01,1.000000e-02,1.000000e-02,2.024473e-02,6.237596e-01,5.502536e-01
sym_w=0.01,2,750,5.679834e-04,3.036491e-05,3.821832e-02,1.554353e-02,1.348876e-01,1.000000e-02,1.000000e-02,4.051117e-03,2.778812e-01,2.772992e-01
sym_w=0.01,2,1000,5.476961e-04,8.001327e-05,3.395308e-02,1.281520e-02,1.231471e-01,1.000000e-02,1.000000e-02,4.259948e-02,3.346753e-01,1.863244e-01
sym_w=0.01,2,1250,4.135552e-04,2.491121e-05,2.951710e-02,9.347302e-03,1.133700e-01,1.000000e-02,1.000000e-02,6.164036e-03,2.148477e-01,1.892485e-01
sym_w=0.01,2,1500,4.626010e-04,1.097288e-04,2.706625e-02,8.220970e-03,1.051023e-01,1.000000e-02,1.000000e-02,4.886715e-02,4.448638e-01,2.370657e-01
sym_w=0.01,2,1750,2.246414e-04,1.705861e-05,1.749972e-02,3.258556e-03,8.003562e-02,1.000000e-02,1.000000e-02,1.064354e-03,1.814544e-01,1.546149e-01
sym_w=0.01,2,2000,1.862860e-04,1.579117e-05,1.476784e-02,2.281646e-03,7.163966e-02,1.000000e-02,1.000000e-02,9.434721e-04,2.116562e-01,1.884401e-01
sym_w=0.01,2,2250,1.538654e-04,1.448694e-05,1.234547e-02,1.592371e-03,6.409146e-02,1.000000e-02,1.000000e-02,7.010083e-04,2.492683e-01,2.314514e-01
sym_w=0.01,2,2500,1.370831e-04,1.334376e-05,1.093483e-02,1.439107e-03,5.972134e-02,1.000000e-02,1.000000e-02,7.421366e-04,2.779050e-01,2.661550e-01
sym_w=0.01,2,2750,1.248982e-04,1.268681e-05,9.840375e-03,1.380769e-03,5.651843e-02,1.000000e-02,1.000000e-02,7.629946e-04,3.004160e-01,2.935102e-01
sym_w=0.01,2,3000,1.172883e-04,1.212196e-05,9.052727e-03,1.463902e-03,5.422763e-02,1.000000e-02,1.000000e-02,6.393886e-04,3.262480e-01,3.212486e-01
sym_w=0.1,0,0,1.424590e-01,8.854827e-02,5.196859e-01,1.942101e-02,7.508552e-01,1.000000e-01,1.000000e-01,2.125204e+00,4.032662e+00,6.365021e-01
sym_w=0.1,0,250,4.666574e-03,5.334933e-04,3.157185e-02,9.758958e-03,1.164624e-01,1.000000e-01,1.000000e-01,8.881025e-03,2.280493e-01,3.090780e-01
sym_w=0.1,0,500,1.134422e-03,1.906883e-04,8.186129e-03,1.251211e-03,5.079052e-02,1.000000e-01,1.000000e-01,7.008028e-02,3.712888e-01,2.825263e-01
sym_w=0.1,0,750,7.458146e-04,9.416578e-05,5.510652e-03,1.005836e-03,4.297107e-02,1.000000e-01,1.000000e-01,1.755791e-02,3.669825e-01,3.521882e-01
sym_w=0.1,0,1000,5.940430e-04,8.167425e-05,4.435968e-03,6.877193e-04,3.797244e-02,1.000000e-01,1.000000e-01,6.521158e-03,3.220069e-01,3.256311e-01
sym_w=0.1,0,1250,5.446042e-04,9.155458e-05,3.885751e-03,6.447452e-04,3.558034e-02,1.000000e-01,1.000000e-01,2.737525e-02,2.018903e-01,3.504651e-01
sym_w=0.1,0,1500,4.658499e-04,8.190353e-05,3.450405e-03,3.890580e-04,3.171941e-02,1.000000e-01,1.000000e-01,1.712976e-02,2.282531e-01,2.776397e-01
sym_w=0.1,0,1750,3.984365e-04,6.574654e-05,3.033115e-03,2.937839e-04,2.895964e-02,1.000000e-01,1.000000e-01,3.853725e-03,2.395139e-01,2.460176e-01
sym_w=0.1,0,2000,3.563635e-04,5.890475e-05,2.740742e-03,2.338457e-04,2.689133e-02,1.000000e-01,1.000000e-01,3.839135e-03,2.219610e-01,2.218608e-01
sym_w=0.1,0,2250,5.539343e-04,1.262833e-04,4.091140e-03,1.853701e-04,4.644405e-02,1.000000e-01,1.000000e-01,5.748262e-02,6.233319e-01,1.074965e-01
sym_w=0.1,0,2500,2.916411e-04,4.562964e-05,2.283560e-03,1.765543e-04,2.373362e-02,1.000000e-01,1.000000e-01,3.049795e-03,1.889309e-01,1.912703e-01
sym_w=0.1,0,2750,3.048079e-04,7.029657e-05,2.299340e-03,4.577306e-05,2.408727e-02,1.000000e-01,1.000000e-01,3.614831e-02,2.947116e-01,6.405611e-02
sym_w=0.1,0,3000,2.332563e-04,3.844794e-05,1.816674e-03,1.314097e-04,2.034403e-02,1.000000e-01,1.000000e-01,2.604690e-03,1.534342e-01,1.546906e-01
sym_w=0.1,1,0,9.586171e-02,2.589028e-02,6.840348e-01,1.567944e-02,6.921966e-01,1.000000e-01,1.000000e-01,1.390463e+00,5.149986e+00,1.087909e+00
sym_w=0.1,1,250,5.275610e-03,4.114542e-04,3.504401e-02,1.359755e-02,1.248703e-01,1.000000e-01,1.000000e-01,1.956473e-02,3.107782e-01,3.316700e-01
sym_w=0.1,1,500,1.184219e-03,1.929604e-04,8.385970e-03,1.526618e-03,5.531097e-02,1.000000e-01,1.000000e-01,6.308628e-02,1.895919e-01,3.187906e-01
sym_w=0.1,1,750,7.673415e-04,7.126144e-05,5.807519e-03,1.153281e-03,4.643801e-02,1.000000e-01,1.000000e-01,7.622761e-03,3.342541e-01,3.395215e-01
sym_w=0.1,1,1000,6.297209e-04,7.161168e-05,4.731426e-03,8.496658e-04,4.143352e-02,1.000000e-01,1.000000e-01,7.448039e-03,3.297064e-01,3.365129e-01
sym_w=0.1,1,1250,5.316439e-04,6.921505e-05,4.015273e-03,6.090159e-04,3.728143e-02,1.000000e-01,1.000000e-01,6.861408e-03,3.010955e-01,3.062014e-01
sym_w=0.1,1,1500,4.576507e-04,6.644236e-05,3.471760e-03,4.403236e-04,3.376503e-02,1.000000e-01,1.000000e-01,6.254469e-03,2.699223e-01,2.736952e-01
sym_w=0.1,1,1750,3.966802e-04,6.208485e-05,3.023486e-03,3.224680e-04,3.068047e-02,1.000000e-01,1.000000e-01,5.607093e-03,2.410091e-01,2.446907e-01
sym_w=0.1,1,2000,5.537962e-04,2.005040e-04,3.313383e-03,2.195396e-04,3.338087e-02,1.000000e-01,1.000000e-01,9.044385e-02,3.088023e-01,1.245194e-01
sym_w=0.1,1,2250,3.410206e-04,8.634842e-05,2.308580e-03,2.381417e-04,2.805210e-02,1.000000e-01,1.000000e-01,3.927192e-02,1.464481e-01,2.281955e-01
sym_w=0.1,1,2500,2.576194e-04,4.931247e-05,1.966259e-03,1.168093e-04,2.315819e-02,1.000000e-01,1.000000e-01,2.400529e-02,1.947569e-01,1.525836e-01
sym_w=0.1,1,2750,2.216303e-04,3.741360e-05,1.728701e-03,1.134664e-04,2.106805e-02,1.000000e-01,1.000000e-01,4.846993e-03,1.589510e-01,1.548569e-01
sym_w=0.1,1,3000,1.803366e-04,3.147130e-05,1.386132e-03,1.025213e-04,1.828580e-02,1.000000e-01,1.000000e-01,2.674489e-03,1.305510e-01,1.350455e-01
sym_w=0.1,2,0,1.309695e-01,5.608844e-02,7.359090e-01,1.290135e-02,1.175573e+00,1.000000e-01,1.000000e-01,1.755568e+00,4.826723e+00,4.108712e-01
sym_w=0.1,2,250,4.124310e-03,5.715186e-04,2.762953e-02,7.898389e-03,1.070820e-01,1.000000e-01,1.000000e-01,1.392414e-02,2.082905e-01,1.997115e-01
sym_w=0.1,2,500,1.130018e-03,2.129526e-04,7.938365e-03,1.232292e-03,5.024940e-02,1.000000e-01,1.000000e-01,6.075165e-02,2.867318e-01,3.482444e-01
sym_w=0.1,2,750,1.133295e-03,4.091695e-04,6.332051e-03,9.092034e-04,6.500921e-02,1.000000e-01,1.000000e-01,1.760063e-01,5.177272e-01,3.102959e-01
sym_w=0.1,2,1000,6.670240e-04,9.726875e-05,4.913702e-03,7.838508e-04,3.828778e-02,1.000000e-01,1.000000e-01,2.053199e-02,3.265493e-01,3.372076e-01
sym_w=0.1,2,1250,5.676112e-04,8.280571e-05,4.259636e-03,5.884189e-04,3.531289e-02,1.000000e-01,1.000000e-01,5.287546e-03,3.114301e-01,3.121970e-01
sym_w=0.1,2,1500,5.093827e-04,7.329160e-05,3.851808e-03,5.091038e-04,3.326073e-02,1.000000e-01,1.000000e-01,5.166234e-03,2.965169e-01,2.983098e-01
sym_w=0.1,2,1750,4.974359e-04,8.354282e-05,3.861812e-03,2.771184e-04,3.307169e-02,1.000000e-01,1.000000e-01,3.842877e-02,3.559248e-01,2.082392e-01
sym_w=0.1,2,2000,3.846899e-04,5.516855e-05,2.942011e-03,3.532029e-04,2.810365e-02,1.000000e-01,1.000000e-01,5.081695e-03,2.562965e-01,2.667519e-01
sym_w=0.1,2,2250,3.409294e-04,5.034978e-05,2.614776e-03,2.910203e-04,2.598129e-02,1.000000e-01,1.000000e-01,4.167369e-03,2.374156e-01,2.473088e-01
sym_w=0.1,2,2500,4.109351e-04,9.895724e-05,3.073654e-03,4.612410e-05,2.991165e-02,1.000000e-01,1.000000e-01,6.938352e-02,3.860802e-01,2.318782e-02
sym_w=0.1,2,2750,2.467133e-04,4.079050e-05,1.916959e-03,1.422682e-04,2.122975e-02,1.000000e-01,1.000000e-01,6.291614e-03,2.056216e-01,1.778266e-01
sym_w=0.1,2,3000,2.199806e-04,3.742979e-05,1.681059e-03,1.444485e-04,1.932077e-02,1.000000e-01,1.000000e-01,2.917374e-03,1.692547e-01,1.782169e-01
sym_w=1,0,0,6.276552e-01,8.854827e-02,5.196859e-01,1.942101e-02,7.133166e-01,1.000000e+00,1.000000e+00,2.125204e+00,4.032662e+00,6.365021e-01
sym_w=1,0,250,7.248368e-03,1.096169e-03,5.415435e-03,7.367636e-04,4.327678e-02,1.000000e+00,1.000000e+00,6.630515e-02,2.311026e-01,2.977042e-01
sym_w=1,0,500,4.237284e-03,6.191566e-04,3.314770e-03,3.033575e-04,3.006658e-02,1.000000e+00,1.000000e+00,5.642467e-02,2.465936e-01,2.360280e-01
sym_w=1,0,750,3.618264e-03,7.877882e-04,2.385378e-03,4.450971e-04,2.503688e-02,1.000000e+00,1.000000e+00,2.245985e-01,1.709777e-01,2.742266e-01
sym_w=1,0,1000,2.276466e-03,3.384846e-04,1.782168e-03,1.558131e-04,2.046983e-02,1.000000e+00,1.000000e+00,4.334733e-02,1.699602e-01,1.690793e-01
sym_w=1,0,1250,2.210752e-02,7.374338e-04,8.889426e-03,1.248066e-02,2.089495e-01,1.000000e+00,1.000000e+00,2.110753e-01,1.441746e+00,1.684980e+00
sym_w=1,0,1500,1.032471e-03,1.745077e-04,7.755072e-04,8.245583e-05,1.476317e-02,1.000000e+00,1.000000e+00,3.751418e-02,1.223405e-01,8.589182e-02
sym_w=1,0,1750,5.732972e-04,9.541034e-05,4.052369e-04,7.264996e-05,8.494098e-03,1.000000e+00,1.000000e+00,6.070636e-03,5.870285e-02,5.959058e-02
sym_w=1,0,2000,4.028645e-04,7.221149e-05,2.635070e-04,6.714596e-05,6.993342e-03,1.000000e+00,1.000000e+00,5.165447e-03,3.831257e-02,3.950238e-02
sym_w=1,0,2250,2.968902e-04,5.518280e-05,1.842143e-04,5.749316e-05,5.958989e-03,1.000000e+00,1.000000e+00,7.352699e-03,1.966858e-02,3.437397e-02
sym_w=1,0,2500,2.204273e-04,4.531956e-05,1.231788e-04,5.192893e-05,5.272427e-03,1.000000e+00,1.000000e+00,1.006229e-02,1.313766e-02,1.786388e-02
sym_w=1,0,2750,2.014407e-03,8.934257e-05,8.984357e-04,1.026629e-03,6.553020e-02,1.000000e+00,1.000000e+00,7.292107e-02,4.418785e-01,4.682125e-01
sym_w=1,0,3000,1.442324e-04,3.401148e-05,7.467520e-05,3.554571e-05,4.202991e-03,1.000000e+00,1.000000e+00,8.028034e-03,6.501905e-03,1.106595e-02
sym_w=1,1,0,7.256045e-01,2.589028e-02,6.840348e-01,1.567944e-02,6.803692e-01,1.000000e+00,1.000000e+00,1.390463e+00,5.149986e+00,1.087909e+00
sym_w=1,1,250,7.010109e-03,1.245309e-03,5.344567e-03,4.202332e-04,4.836324e-02,1.000000e+00,1.000000e+00,2.214298e-01,4.189086e-01,1.103715e-01
sym_w=1,1,500,3.951923e-03,5.016114e-04,3.226415e-03,2.238964e-04,3.047379e-02,1.000000e+00,1.000000e+00,6.602637e-02,2.965445e-01,2.076537e-01
sym_w=1,1,750,6.617843e-03,2.193603e-03,2.981714e-03,1.442526e-03,6.711838e-02,1.000000e+00,1.000000e+00,5.683089e-01,3.931346e-01,4.521524e-01
sym_w=1,1,1000,2.330045e-03,3.333270e-04,1.918379e-03,7.833933e-05,2.151529e-02,1.000000e+00,1.000000e+00,4.541515e-02,2.501545e-01,9.855207e-02
sym_w=1,1,1250,2.635990e-03,3.406543e-04,2.173587e-03,1.217484e-04,7.441105e-02,1.000000e+00,1.000000e+00,1.044108e-01,5.342807e-01,1.403362e-01
sym_w=1,1,1500,1.256527e-03,1.966978e-04,9.942286e-04,6.560094e-05,2.417534e-02,1.000000e+00,1.000000e+00,3.163998e-02,2.020412e-01,4.727318e-02
sym_w=1,1,1750,7.298090e-04,1.066286e-04,5.357082e-04,8.747231e-05,1.037264e-02,1.000000e+00,1.000000e+00,6.878240e-03,7.560782e-02,7.822430e-02
sym_w=1,1,2000,5.216012e-04,8.353786e-05,3.420596e-04,9.600378e-05,1.187410e-02,1.000000e+00,1.000000e+00,3.969871e-02,6.003800e-02,7.053027e-02
sym_w=1,1,2250,3.656383e-04,6.048891e-05,2.195983e-04,8.555110e-05,6.983486e-03,1.000000e+00,1.000000e+00,1.220267e-02,3.559310e-02,4.034001e-02
sym_w=1,1,2500,3.014993e-04,5.457362e-05,1.716513e-04,7.527432e-05,6.239452e-03,1.000000e+00,1.000000e+00,1.254471e-02,2.854724e-02,3.404352e-02
sym_w=1,1,2750,2.408290e-04,4.727647e-05,1.302100e-04,6.334247e-05,5.478689e-03,1.000000e+00,1.000000e+00,1.273704e-02,2.151837e-02,2.765299e-02
sym_w=1,1,3000,2.500180e-04,6.480334e-05,1.161248e-04,6.908989e-05,9.236994e-03,1.000000e+00,1.000000e+00,5.398347e-02,4.350399e-02,6.591835e-02
sym_w=1,2,0,8.048988e-01,5.608844e-02,7.359090e-01,1.290135e-02,8.786258e-01,1.000000e+00,1.000000e+00,1.755568e+00,4.826723e+00,4.108712e-01
sym_w=1,2,250,7.957593e-03,1.104713e-03,6.083470e-03,7.694094e-04,4.166355e-02,1.000000e+00,1.000000e+00,9.643815e-02,2.696924e-01,2.708304e-01
sym_w=1,2,500,4.591260e-03,6.978342e-04,3.494323e-03,3.991027e-04,3.047522e-02,1.000000e+00,1.000000e+00,7.867764e-02,2.541725e-01,2.670189e-01
sym_w=1,2,750,5.055640e-03,8.570264e-04,4.048808e-03,1.498062e-04,6.937139e-02,1.000000e+00,1.000000e+00,1.951968e-01,6.672322e-01,1.372062e-01
sym_w=1,2,1000,2.588222e-03,4.357196e-04,1.959870e-03,1.926326e-04,2.105427e-02,1.000000e+00,1.000000e+00,4.898725e-02,1.837063e-01,1.883395e-01
sym_w=1,2,1250,1.186955e-02,5.398097e-03,1.891405e-03,4.580049e-03,1.207510e-01,1.000000e+00,1.000000e+00,9.421680e-01,1.889165e-01,8.900580e-01
sym_w=1,2,1500,1.209561e-03,2.158731e-04,9.391265e-04,5.456140e-05,1.297534e-02,1.000000e+00,1.000000e+00,2.695728e-02,1.756762e-01,4.720835e-02
sym_w=1,2,1750,6.905245e-04,1.241237e-04,4.741114e-04,9.228935e-05,9.296697e-03,1.000000e+00,1.000000e+00,1.887939e-02,6.678994e-02,7.584620e-02
sym_w=1,2,2000,4.547825e-04,8.648300e-05,2.865971e-04,8.170238e-05,7.748080e-03,1.000000e+00,1.000000e+00,9.186153e-03,4.029917e-02,4.420996e-02
sym_w=1,2,2250,3.690296e-04,7.411811e-05,2.028813e-04,9.203015e-05,1.014158e-02,1.000000e+00,1.000000e+00,3.530035e-02,2.607988e-02,6.686995e-02
sym_w=1,2,2500,3.091688e-04,5.561116e-05,1.938888e-04,5.966883e-05,7.434407e-03,1.000000e+00,1.000000e+00,4.733340e-03,8.565187e-02,4.718894e-02
sym_w=1,2,2750,4.266839e-04,1.460858e-04,1.453004e-04,1.352977e-04,1.034405e-02,1.000000e+00,1.000000e+00,1.156423e-01,4.289848e-02,1.309755e-01
sym_w=1,2,3000,1.726313e-04,4.254017e-05,9.251132e-05,3.757979e-05,4.851341e-03,1.000000e+00,1.000000e+00,1.055674e-02,8.035562e-03,1.493235e-02
sym_w=10,0,0,5.479618e+00,8.854827e-02,5.196859e-01,1.942101e-02,7.694667e-01,1.000000e+01,1.000000e+01,2.125204e+00,4.032662e+00,6.365021e-01
sym_w=10,0,250,4.449866e-02,1.165561e-02,3.128374e-03,1.559301e-04,3.770317e-02,1.000000e+01,1.000000e+01,3.506718e-01,1.860590e-01,1.335436e-01
sym_w=10,0,500,3.085882e-02,4.525727e-03,2.253137e-03,3.801724e-04,4.360207e-02,1.000000e+01,1.000000e+01,2.216865e-01,2.638480e-01,2.266849e-01
sym_w=10,0,750,2.129277e-02,3.324130e-03,1.621366e-03,1.754975e-04,2.541223e-02,1.000000e+01,1.000000e+01,2.218582e-01,1.302120e-01,1.295316e-01
sym_w=10,0,1000,1.691224e-02,2.551335e-03,1.287830e-03,1.482606e-04,2.188225e-02,1.000000e+01,1.000000e+01,1.892349e-01,1.096629e-01,1.169844e-01
sym_w=10,0,1250,2.670112e-02,2.378363e-03,1.230013e-03,1.202263e-03,4.140775e-02,1.000000e+01,1.000000e+01,4.062309e-01,1.642178e-01,4.583587e-01
sym_w=10,0,1500,1.018641e-02,1.389667e-03,7.776974e-04,1.019771e-04,1.556495e-02,1.000000e+01,1.000000e+01,1.368576e-01,8.249671e-02,8.585084e-02
sym_w=10,0,1750,9.094290e-03,8.543232e-04,5.525436e-04,2.714532e-04,2.716519e-02,1.000000e+01,1.000000e+01,8.129174e-02,9.407840e-02,2.179693e-01
sym_w=10,0,2000,1.184886e-02,9.479992e-04,4.098690e-04,6.802165e-04,9.040509e-02,1.000000e+01,1.000000e+01,1.486587e-01,1.100507e-01,3.503327e-01
sym_w=10,0,2250,5.167622e-03,5.784531e-04,2.647325e-04,1.941843e-04,1.788615e-02,1.000000e+01,1.000000e+01,1.569631e-01,5.054395e-02,1.713839e-01
sym_w=10,0,2500,2.366946e-03,4.179740e-04,1.553689e-04,3.952830e-05,5.678784e-03,1.000000e+01,1.000000e+01,4.047925e-02,1.396514e-02,3.867691e-02
sym_w=10,0,2750,1.648558e-03,3.379744e-04,1.014172e-04,2.964122e-05,4.400783e-03,1.000000e+01,1.000000e+01,5.057387e-02,1.582952e-02,1.917749e-02
sym_w=10,0,3000,1.208726e-03,3.196459e-04,6.690638e-05,2.200167e-05,3.686675e-03,1.000000e+01,1.000000e+01,5.378707e-02,9.020432e-03,1.134964e-02
sym_w=10,1,0,7.023033e+00,2.589028e-02,6.840348e-01,1.567944e-02,7.093086e-01,1.000000e+01,1.000000e+01,1.390463e+00,5.149986e+00,1.087909e+00
sym_w=10,1,250,4.686595e-02,1.173507e-02,3.334421e-03,1.786668e-04,4.411119e-02,1.000000e+01,1.000000e+01,3.907005e-01,1.832593e-01,1.441299e-01
sym_w=10,1,500,3.083537e-02,4.768374e-03,2.338614e-03,2.680864e-04,3.345394e-02,1.000000e+01,1.000000e+01,2.936147e-01,1.585172e-01,1.740380e-01
sym_w=10,1,750,6.368845e-02,5.478011e-03,4.362133e-03,1.458911e-03,1.411973e-01,1.000000e+01,1.000000e+01,5.786765e-01,8.337730e-01,5.315075e-01
sym_w=10,1,1000,1.829332e-02,2.566642e-03,1.401338e-03,1.713304e-04,2.264610e-02,1.000000e+01,1.000000e+01,2.022237e-01,1.260586e-01,1.260041e-01
sym_w=10,1,1250,1.349980e-02,1.728788e-03,1.038665e-03,1.384359e-04,1.851280e-02,1.000000e+01,1.000000e+01,1.601998e-01,1.070375e-01,1.077708e-01
sym_w=10,1,1500,9.174468e-03,1.136896e-03,6.972887e-04,1.064684e-04,1.405705e-02,1.000000e+01,1.000000e+01,1.131718e-01,8.713334e-02,8.700991e-02
sym_w=10,1,1750,5.357936e-03,6.914981e-04,3.942371e-04,7.240673e-05,9.105223e-03,1.000000e+01,1.000000e+01,5.458090e-02,6.295652e-02,6.033863e-02
sym_w=10,1,2000,3.173406e-03,5.502258e-04,2.120329e-04,5.028513e-05,6.137574e-03,1.000000e+01,1.000000e+01,2.304783e-02,3.951053e-02,4.296796e-02
sym_w=10,1,2250,1.811801e-03,4.200913e-04,1.064426e-04,3.272831e-05,4.379393e-03,1.000000e+01,1.000000e+01,4.016744e-02,2.289251e-02,2.420925e-02
sym_w=10,1,2500,1.283280e-03,3.548091e-04,6.844036e-05,2.440673e-05,3.589243e-03,1.000000e+01,1.000000e+01,4.115209e-02,1.531850e-02,1.649654e-02
sym_w=10,1,2750,3.244635e-02,4.290738e-04,1.281586e-03,1.920141e-03,8.744091e-02,1.000000e+01,1.000000e+01,8.032184e-02,5.299127e-01,6.350747e-01
sym_w=10,1,3000,1.488296e-03,2.544762e-04,6.066286e-05,6.271913e-05,2.351340e-02,1.000000e+01,1.000000e+01,7.340966e-02,4.337342e-02,8.800070e-02
sym_w=10,2,0,7.544192e+00,5.608844e-02,7.359090e-01,1.290135e-02,7.446586e-01,1.000000e+01,1.000000e+01,1.755568e+00,4.826723e+00,4.108712e-01
sym_w=10,2,250,5.884919e-02,1.573877e-02,3.950579e-03,3.604630e-04,5.420297e-02,1.000000e+01,1.000000e+01,4.480633e-01,1.077513e-01,2.329189e-01
sym_w=10,2,500,3.457861e-02,7.028845e-03,2.380433e-03,3.745435e-04,3.691630e-02,1.000000e+01,1.000000e+01,3.334514e-01,1.159457e-01,2.162665e-01
sym_w=10,2,750,2.673837e-02,5.202322e-03,1.930384e-03,2.232205e-04,3.017043e-02,1.000000e+01,1.000000e+01,2.936934e-01,1.443044e-01,1.418648e-01
sym_w=10,2,1000,2.117464e-02,4.224455e-03,1.450056e-03,2.449627e-04,2.523436e-02,1.000000e+01,1.000000e+01,2.888858e-01,9.253065e-02,1.598036e-01
sym_w=10,2,1250,1.672510e-02,2.545696e-03,1.022801e-03,3.951397e-04,2.966460e-02,1.000000e+01,1.000000e+01,1.774547e-01,5.600823e-02,2.482191e-01
sym_w=10,2,1500,9.009843e-03,1.444227e-03,6.631948e-04,9.336674e-05,1.359216e-02,1.000000e+01,1.000000e+01,1.280620e-01,7.507069e-02,7.217637e-02
sym_w=10,2,1750,4.542599e-03,7.526373e-04,3.219433e-04,5.705280e-05,7.584523e-03,1.000000e+01,1.000000e+01,4.329011e-02,4.035338e-02,4.412118e-02
sym_w=10,2,2000,2.370123e-03,5.426127e-04,1.501838e-04,3.256723e-05,5.155219e-03,1.000000e+01,1.000000e+01,2.622590e-02,2.046559e-02,2.147164e-02
sym_w=10,2,2250,1.156909e-02,8.094962e-04,4.761124e-04,5.998468e-04,5.439305e-02,1.000000e+01,1.000000e+01,1.010681e-01,2.795752e-01,3.357394e-01
sym_w=10,2,2500,9.654741e-04,3.138402e-04,5.024015e-05,1.492325e-05,3.681667e-03,1.000000e+01,1.000000e+01,3.338468e-02,3.362082e-03,4.687692e-03
sym_w=10,2,2750,7.764967e-04,2.835510e-04,3.670555e-05,1.258902e-05,3.398433e-03,1.000000e+01,1.000000e+01,2.834543e-02,1.697900e-03,3.120887e-03
sym_w=10,2,3000,6.136005e-04,2.268030e-04,2.737437e-05,1.130538e-05,3.472838e-03,1.000000e+01,1.000000e+01,2.865091e-02,2.476058e-03,5.738261e-03
sym_w=100,0,0,5.399924e+01,8.854827e-02,5.196859e-01,1.942101e-02,7.873622e-01,1.000000e+02,1.000000e+02,2.125204e+00,4.032662e+00,6.365021e-01
sym_w=100,0,250,4.325375e-01,1.160935e-01,2.935619e-03,2.288207e-04,7.344556e-02,1.000000e+02,1.000000e+02,1.846138e+00,7.268506e-02,6.355504e-02
sym_w=100,0,500,2.214822e-01,3.745376e-02,1.599777e-03,2.405071e-04,6.335850e-02,1.000000e+02,1.000000e+02,1.113072e+00,9.274733e-02,8.283799e-02
sym_w=100,0,750,1.810668e-01,3.070080e-02,1.229331e-03,2.743290e-04,5.884216e-02,1.000000e+02,1.000000e+02,9.756463e-01,1.720011e-02,1.416705e-01
sym_w=100,0,1000,1.408181e-01,2.534805e-02,1.000343e-03,1.543574e-04,5.546954e-02,1.000000e+02,1.000000e+02,8.624071e-01,7.122781e-02,6.687010e-02
sym_w=100,0,1250,1.596955e-01,2.121316e-02,9.264184e-04,4.584055e-04,6.024101e-02,1.000000e+02,1.000000e+02,7.650567e-01,1.439537e-01,2.668513e-01
sym_w=100,0,1500,8.699788e-02,2.020001e-02,5.788756e-04,8.910316e-05,5.591255e-02,1.000000e+02,1.000000e+02,8.694742e-01,5.511557e-02,5.354486e-02
sym_w=100,0,1750,6.869756e-02,1.836166e-02,4.442371e-04,5.912182e-05,6.232787e-02,1.000000e+02,1.000000e+02,9.378433e-01,6.492417e-02,3.259598e-02
sym_w=100,0,2000,5.145194e-02,1.679976e-02,2.959798e-04,5.054206e-05,5.589031e-02,1.000000e+02,1.000000e+02,9.148408e-01,2.917596e-02,5.128448e-02
sym_w=100,0,2250,3.586179e-02,1.295568e-02,1.997378e-04,2.932323e-05,4.574100e-02,1.000000e+02,1.000000e+02,7.131875e-01,3.446941e-02,3.322649e-02
sym_w=100,0,2500,2.657192e-02,1.139652e-02,1.324209e-04,1.933302e-05,4.114242e-02,1.000000e+02,1.000000e+02,6.503112e-01,2.805107e-02,2.678310e-02
sym_w=100,0,2750,2.014289e-02,9.055099e-03,9.595141e-05,1.492647e-05,3.636465e-02,1.000000e+02,1.000000e+02,5.907462e-01,1.991598e-02,2.779483e-02
sym_w=100,0,3000,1.502512e-02,7.738893e-03,6.327049e-05,9.591830e-06,3.108010e-02,1.000000e+02,1.000000e+02,5.384917e-01,1.909258e-02,1.892144e-02
sym_w=100,1,0,6.999731e+01,2.589028e-02,6.840348e-01,1.567944e-02,7.188877e-01,1.000000e+02,1.000000e+02,1.390463e+00,5.149986e+00,1.087909e+00
sym_w=100,1,250,4.484040e-01,1.213470e-01,2.998653e-03,2.719157e-04,1.390345e-01,1.000000e+02,1.000000e+02,1.742736e+00,6.397700e-02,1.590943e-01
sym_w=100,1,500,2.875322e-01,4.101960e-02,2.082902e-03,3.822246e-04,9.229944e-02,1.000000e+02,1.000000e+02,1.024410e+00,1.271589e-01,1.102807e-01
sym_w=100,1,750,2.389778e-01,2.669560e-02,1.859013e-03,2.638090e-04,5.727236e-02,1.000000e+02,1.000000e+02,7.923940e-01,2.310839e-01,2.662261e-02
sym_w=100,1,1000,1.801370e-01,2.151493e-02,1.335535e-03,2.506861e-04,6.060500e-02,1.000000e+02,1.000000e+02,7.217065e-01,9.055245e-02,8.992571e-02
sym_w=100,1,1250,1.676148e-01,2.399416e-02,1.070711e-03,3.654959e-04,4.958256e-02,1.000000e+02,1.000000e+02,9.890986e-01,1.079000e-01,1.550079e-01
sym_w=100,1,1500,1.218721e-01,1.773636e-02,8.640565e-04,1.773007e-04,5.667510e-02,1.000000e+02,1.000000e+02,6.905545e-01,4.622865e-02,8.912519e-02
sym_w=100,1,1750,1.732872e-01,1.965339e-02,1.183599e-03,3.527397e-04,3.705477e-02,1.000000e+02,1.000000e+02,9.322410e-01,3.458975e-01,2.048732e-01
sym_w=100,1,2000,6.612071e-02,1.316414e-02,4.521039e-04,7.746171e-05,4.517067e-02,1.000000e+02,1.000000e+02,6.348552e-01,5.837463e-02,4.324475e-02
sym_w=100,1,2250,4.537753e-02,1.100022e-02,2.918529e-04,5.192012e-05,4.331586e-02,1.000000e+02,1.000000e+02,5.977290e-01,4.071739e-02,3.973951e-02
sym_w=100,1,2500,3.922290e-02,8.518663e-03,2.121072e-04,9.493515e-05,3.825840e-02,1.000000e+02,1.000000e+02,6.483358e-01,5.575460e-02,1.158485e-01
sym_w=100,1,2750,3.401358e-02,7.784913e-03,2.014723e-04,6.081441e-05,4.903934e-02,1.000000e+02,1.000000e+02,6.807804e-01,1.254264e-01,7.795721e-02
sym_w=100,1,3000,1.161826e-02,2.966582e-03,6.655454e-05,1.996224e-05,1.616325e-02,1.000000e+02,1.000000e+02,1.678979e-01,1.131197e-02,3.914998e-02
sym_w=100,2,0,7.493713e+01,5.608844e-02,7.359090e-01,1.290135e-02,7.289001e-01,1.000000e+02,1.000000e+02,1.755568e+00,4.826723e+00,4.108712e-01
sym_w=100,2,250,4.323592e-01,1.071966e-01,2.894922e-03,3.567039e-04,1.067217e-01,1.000000e+02,1.000000e+02,2.185245e+00,1.000572e-01,8.483509e-02
sym_w=100,2,500,2.590377e-01,4.400319e-02,1.858242e-03,2.921031e-04,8.605024e-02,1.000000e+02,1.000000e+02,1.494059e+00,1.025468e-01,8.082148e-02
sym_w=100,2,750,2.023651e-01,3.360335e-02,1.466995e-03,2.206219e-04,6.170087e-02,1.000000e+02,1.000000e+02,1.041970e+00,7.173072e-02,7.218977e-02
sym_w=100,2,1000,1.649826e-01,2.892284e-02,1.197795e-03,1.628028e-04,5.560321e-02,1.000000e+02,1.000000e+02,8.816314e-01,6.745474e-02,6.014484e-02
sym_w=100,2,1250,1.384309e-01,2.723485e-02,9.826120e-04,1.293483e-04,5.742233e-02,1.000000e+02,1.000000e+02,8.992411e-01,5.126013e-02,5.979373e-02
sym_w=100,2,1500,1.108011e-01,2.404423e-02,7.759058e-04,9.166256e-05,5.371836e-02,1.000000e+02,1.000000e+02,8.591480e-01,4.992826e-02,4.818558e-02
sym_w=100,2,1750,8.821350e-02,2.239707e-02,5.940896e-04,6.407466e-05,5.526940e-02,1.000000e+02,1.000000e+02,8.756775e-01,4.321533e-02,4.164509e-02
sym_w=100,2,2000,7.825278e-02,2.273577e-02,4.600388e-04,9.513130e-05,6.804268e-02,1.000000e+02,1.000000e+02,1.077792e+00,4.664414e-02,9.047139e-02
sym_w=100,2,2250,5.559314e-02,1.643853e-02,3.527194e-04,3.882666e-05,4.715378e-02,1.000000e+02,1.000000e+02,8.962544e-01,1.059017e-01,5.455384e-02
sym_w=100,2,2500,3.277489e-02,1.400819e-02,1.725662e-04,1.510081e-05,4.765137e-02,1.000000e+02,1.000000e+02,7.786875e-01,2.509753e-02,2.337218e-02
sym_w=100,2,2750,2.427459e-02,1.099602e-02,1.102181e-04,2.256763e-05,3.921542e-02,1.000000e+02,1.000000e+02,6.898093e-01,1.418002e-02,5.061188e-02
sym_w=100,2,3000,1.554082e-02,8.298582e-03,6.751124e-05,4.911168e-06,3.831692e-02,1.000000e+02,1.000000e+02,5.897050e-01,2.777608e-02,6.809150e-03
ic_only_w=0.1,0,0,1.599379e-01,8.854827e-02,5.196859e-01,1.942101e-02,7.552464e-01,1.000000e-01,1.000000e+00,2.125204e+00,4.032662e+00,6.365021e-01
ic_only_w=0.1,0,250,2.076550e-02,2.125668e-03,1.492230e-01,3.717530e-03,3.839309e-01,1.000000e-01,1.000000e+00,6.075161e-02,2.273221e+00,2.524800e-01
ic_only_w=0.1,0,500,2.993215e-03,5.270218e-04,1.686226e-02,7.799671e-04,9.849382e-02,1.000000e-01,1.000000e+00,1.021164e-01,3.963028e-01,2.301338e-01
ic_only_w=0.1,0,750,1.236035e-03,2.445878e-04,7.371509e-03,2.542964e-04,5.534721e-02,1.000000e-01,1.000000e+00,4.625190e-02,1.534825e-01,1.112689e-01
ic_only_w=0.1,0,1000,6.126392e-03,5.775280e-04,7.439028e-03,4.804961e-03,1.764801e-01,1.000000e-01,1.000000e+00,2.134852e-01,6.922472e-01,9.589221e-01
ic_only_w=0.1,0,1250,7.125629e-04,1.311581e-04,5.113786e-03,7.002617e-05,3.873433e-02,1.000000e-01,1.000000e+00,1.653017e-02,2.559414e-01,1.856254e-02
ic_only_w=0.1,0,1500,7.068503e-04,1.279994e-04,5.003376e-03,7.851331e-05,3.861862e-02,1.000000e-01,1.000000e+00,4.027832e-02,2.674558e-01,5.363484e-02
ic_only_w=0.1,0,1750,5.835653e-04,9.841523e-05,4.286255e-03,5.652466e-05,3.635262e-02,1.000000e-01,1.000000e+00,1.330010e-02,2.357554e-01,3.772710e-02
ic_only_w=0.1,0,2000,1.305355e-02,1.450671e-03,1.789889e-02,9.812988e-03,1.150836e-01,1.000000e-01,1.000000e+00,3.539067e-01,1.800792e+00,1.297607e+00
ic_only_w=0.1,0,2250,4.921886e-04,8.294913e-05,3.799117e-03,2.932770e-05,3.273360e-02,1.000000e-01,1.000000e+00,1.807325e-02,2.347395e-01,1.637606e-02
ic_only_w=0.1,0,2500,2.140417e-03,7.317046e-04,3.286400e-03,1.080072e-03,4.179513e-02,1.000000e-01,1.000000e+00,2.419815e-01,1.075175e-01,3.785401e-01
ic_only_w=0.1,0,2750,8.322088e-04,1.741142e-04,2.969868e-03,3.611078e-04,6.750247e-02,1.000000e-01,1.000000e+00,9.327925e-02,1.394174e-01,2.236838e-01
ic_only_w=0.1,0,3000,9.143261e-04,2.336559e-04,3.208839e-03,3.597862e-04,3.656964e-02,1.000000e-01,1.000000e+00,1.217878e-01,8.383360e-02,2.207021e-01
ic_only_w=0.1,1,0,1.099732e-01,2.589028e-02,6.840348e-01,1.567944e-02,6.759544e-01,1.000000e-01,1.000000e+00,1.390463e+00,5.149986e+00,1.087909e+00
ic_only_w=0.1,1,250,8.171433e-03,1.099428e-03,5.776234e-02,1.295771e-03,1.698086e-01,1.000000e-01,1.000000e+00,4.407218e-02,8.541187e-01,8.566755e-02
ic_only_w=0.1,1,500,2.274302e-03,5.016176e-04,1.263126e-02,5.095585e-04,7.008191e-02,1.000000e-01,1.000000e+00,2.000271e-02,2.185694e-01,2.742150e-02
ic_only_w=0.1,1,750,1.124218e-03,2.612960e-04,6.505677e-03,2.123544e-04,4.785229e-02,1.000000e-01,1.000000e+00,2.611879e-02,2.807473e-01,3.849551e-02
ic_only_w=0.1,1,1000,8.251147e-04,1.881771e-04,5.153918e-03,1.215457e-04,4.197082e-02,1.000000e-01,1.000000e+00,2.053704e-02,3.034659e-01,3.761495e-02
ic_only_w=0.1,1,1250,7.026035e-04,1.557316e-04,4.600748e-03,8.679714e-05,3.877644e-02,1.000000e-01,1.000000e+00,1.734746e-02,2.819130e-01,3.397632e-02
ic_only_w=0.1,1,1500,6.231476e-04,1.315379e-04,4.260838e-03,6.552585e-05,3.648969e-02,1.000000e-01,1.000000e+00,1.725762e-02,2.771382e-01,2.379949e-02
ic_only_w=0.1,1,1750,5.491729e-04,1.092489e-04,3.897464e-03,5.017765e-05,3.463098e-02,1.000000e-01,1.000000e+00,1.409365e-02,2.556960e-01,2.882725e-02
ic_only_w=0.1,1,2000,1.419527e-02,1.765496e-03,1.732202e-02,1.069758e-02,9.070305e-02,1.000000e-01,1.000000e+00,3.680477e-01,1.819985e+00,1.432272e+00
ic_only_w=0.1,1,2250,4.228587e-04,7.531432e-05,3.243434e-03,2.320091e-05,3.065903e-02,1.000000e-01,1.000000e+00,1.070635e-02,2.218883e-01,2.361366e-02
ic_only_w=0.1,1,2500,3.784473e-04,6.644716e-05,2.948668e-03,1.713337e-05,2.900893e-02,1.000000e-01,1.000000e+00,9.971394e-03,2.032015e-01,2.480770e-02
ic_only_w=0.1,1,2750,3.421405e-04,5.725913e-05,2.735507e-03,1.133065e-05,2.754590e-02,1.000000e-01,1.000000e+00,7.659553e-03,1.947544e-01,2.004652e-02
ic_only_w=0.1,1,3000,3.097031e-04,4.658027e-05,2.528677e-03,1.025518e-05,2.647359e-02,1.000000e-01,1.000000e+00,7.259263e-03,1.931225e-01,1.984447e-02
ic_only_w=0.1,2,0,1.425807e-01,5.608844e-02,7.359090e-01,1.290135e-02,1.160894e+00,1.000000e-01,1.000000e+00,1.755568e+00,4.826723e+00,4.108712e-01
ic_only_w=0.1,2,250,1.003004e-02,2.540374e-03,5.684832e-02,1.804838e-03,1.786476e-01,1.000000e-01,1.000000e+00,4.296937e-02,7.349697e-01,1.652345e-01
ic_only_w=0.1,2,500,1.858330e-03,3.106328e-04,1.163862e-02,3.838355e-04,8.119932e-02,1.000000e-01,1.000000e+00,5.879836e-02,2.162865e-01,7.952720e-02
ic_only_w=0.1,2,750,1.039127e-03,1.820502e-04,7.206165e-03,1.364600e-04,4.567754e-02,1.000000e-01,1.000000e+00,2.897624e-02,2.935384e-01,3.826977e-02
ic_only_w=0.1,2,1000,8.852366e-04,1.629216e-04,6.100586e-03,1.122564e-04,4.151023e-02,1.000000e-01,1.000000e+00,3.076638e-02,3.362027e-01,4.620895e-02
ic_only_w=0.1,2,1250,8.151279e-04,1.418763e-04,5.754591e-03,9.779239e-05,3.958489e-02,1.000000e-01,1.000000e+00,2.991244e-02,3.526109e-01,3.123412e-02
ic_only_w=0.1,2,1500,7.631356e-04,1.364806e-04,5.443664e-03,8.228864e-05,3.881555e-02,1.000000e-01,1.000000e+00,3.011763e-02,2.811242e-01,3.743335e-02
ic_only_w=0.1,2,1750,6.840991e-04,1.187843e-04,4.963891e-03,6.892572e-05,3.614810e-02,1.000000e-01,1.000000e+00,2.130324e-02,3.102622e-01,3.574944e-02
ic_only_w=0.1,2,2000,6.312156e-04,1.072303e-04,4.643787e-03,5.960664e-05,3.491614e-02,1.000000e-01,1.000000e+00,2.254704e-02,2.952217e-01,3.829296e-02
ic_only_w=0.1,2,2250,5.786167e-04,1.005209e-04,4.349946e-03,4.310119e-05,3.311267e-02,1.000000e-01,1.000000e+00,1.689372e-02,2.755341e-01,3.059984e-02
ic_only_w=0.1,2,2500,7.557395e-03,3.798170e-03,4.132124e-03,3.346013e-03,6.864590e-02,1.000000e-01,1.000000e+00,6.674302e-01,1.164393e-01,6.456262e-01
ic_only_w=0.1,2,2750,4.913374e-04,8.388503e-05,3.816761e-03,2.577630e-05,3.051332e-02,1.000000e-01,1.000000e+00,1.298889e-02,2.472561e-01,2.652240e-02
ic_only_w=0.1,2,3000,4.596640e-04,7.640477e-05,3.618303e-03,2.142889e-05,2.960989e-02,1.000000e-01,1.000000e+00,1.223106e-02,2.422743e-01,2.614201e-02
bc_only_w=0.1,0,0,6.101763e-01,8.854827e-02,5.196859e-01,1.942101e-02,7.141975e-01,1.000000e+00,1.000000e-01,2.125204e+00,4.032662e+00,6.365021e-01
bc_only_w=0.1,0,250,1.601263e-02,3.826720e-03,1.124119e-02,9.447097e-03,8.408148e-02,1.000000e+00,1.000000e-01,6.821790e-02,9.034577e-02,6.350417e-01
bc_only_w=0.1,0,500,5.622391e-03,4.632312e-04,4.934942e-03,2.242176e-03,1.044764e-01,1.000000e+00,1.000000e-01,1.134709e-01,8.207091e-01,5.861971e-01
bc_only_w=0.1,0,750,2.717314e-03,5.115913e-04,1.639534e-03,5.661887e-03,5.176731e-02,1.000000e+00,1.000000e-01,1.903881e-01,4.155027e-02,1.059585e+00
bc_only_w=0.1,0,1000,4.944394e-03,3.017882e-03,1.590907e-03,3.356053e-03,1.052622e-01,1.000000e+00,1.000000e-01,6.287133e-01,2.608236e-01,7.592245e-01
bc_only_w=0.1,0,1250,1.282644e-03,1.780295e-04,8.760834e-04,2.285313e-03,3.450674e-02,1.000000e+00,1.000000e-01,1.699679e-02,7.350007e-02,6.789434e-01
bc_only_w=0.1,0,1500,7.784273e-04,1.226684e-04,5.324059e-04,1.233531e-03,2.303283e-02,1.000000e+00,1.000000e-01,2.539690e-02,1.355972e-02,4.973987e-01
bc_only_w=0.1,0,1750,4.182904e-04,7.630427e-05,3.055248e-04,3.646131e-04,1.382741e-02,1.000000e+00,1.000000e-01,7.777684e-03,2.402800e-02,2.445987e-01
bc_only_w=0.1,0,2000,2.509655e-04,4.983263e-05,1.863880e-04,1.474487e-04,8.709842e-03,1.000000e+00,1.000000e-01,3.003961e-03,9.506257e-03,8.557016e-02
bc_only_w=0.1,0,2250,1.853808e-04,3.775813e-05,1.352481e-04,1.237452e-04,7.514269e-03,1.000000e+00,1.000000e-01,2.927781e-03,2.632373e-03,2.429723e-02
bc_only_w=0.1,0,2500,1.472178e-04,3.095678e-05,1.021666e-04,1.409444e-04,7.678826e-03,1.000000e+00,1.000000e-01,4.000922e-03,3.041044e-03,6.019728e-02
bc_only_w=0.1,0,2750,1.264858e-04,2.695546e-05,8.689834e-05,1.263203e-04,7.257586e-03,1.000000e+00,1.000000e-01,3.943315e-03,5.685354e-03,6.084203e-02
bc_only_w=0.1,0,3000,1.604388e-04,4.513677e-05,1.013077e-04,1.399430e-04,1.128220e-02,1.000000e+00,1.000000e-01,5.005120e-02,7.964927e-02,5.913508e-02
bc_only_w=0.1,1,0,7.114931e-01,2.589028e-02,6.840348e-01,1.567944e-02,6.829044e-01,1.000000e+00,1.000000e-01,1.390463e+00,5.149986e+00,1.087909e+00
bc_only_w=0.1,1,250,5.775679e-03,1.095857e-03,4.150455e-03,5.293676e-03,6.991293e-02,1.000000e+00,1.000000e-01,4.301560e-02,1.025817e-01,9.555180e-01
bc_only_w=0.1,1,500,2.929671e-03,2.901053e-04,1.962034e-03,6.775312e-03,5.550338e-02,1.000000e+00,1.000000e-01,9.196889e-02,6.643999e-02,1.237009e+00
bc_only_w=0.1,1,750,2.194293e-03,2.125401e-04,1.552966e-03,4.287867e-03,4.997637e-02,1.000000e+00,1.000000e-01,3.260838e-02,1.486763e-01,1.000949e+00
bc_only_w=0.1,1,1000,1.643032e-03,1.812839e-04,1.138873e-03,3.228752e-03,4.224457e-02,1.000000e+00,1.000000e-01,2.173539e-02,9.615733e-02,8.640046e-01
bc_only_w=0.1,1,1250,1.194630e-03,1.723498e-04,8.280359e-04,1.942447e-03,3.405000e-02,1.000000e+00,1.000000e-01,6.794485e-02,1.065272e-01,6.597033e-01
bc_only_w=0.1,1,1500,6.728322e-04,9.377056e-05,4.866513e-04,9.241038e-04,2.241146e-02,1.000000e+00,1.000000e-01,1.248553e-02,4.369740e-02,4.451658e-01
bc_only_w=0.1,1,1750,3.997906e-04,7.674958e-05,2.867071e-04,3.633395e-04,1.551572e-02,1.000000e+00,1.000000e-01,4.955585e-02,4.018650e-02,2.025553e-01
bc_only_w=0.1,1,2000,2.284529e-04,3.711737e-05,1.673176e-04,2.401792e-04,1.001456e-02,1.000000e+00,1.000000e-01,1.008436e-02,5.651299e-03,5.716585e-02
bc_only_w=0.1,1,2250,2.498755e-04,9.620736e-05,1.314532e-04,2.221493e-04,1.888111e-02,1.000000e+00,1.000000e-01,8.693634e-02,2.585561e-02,4.093064e-02
bc_only_w=0.1,1,2500,1.435230e-04,2.540022e-05,9.713517e-05,2.098759e-04,9.000135e-03,1.000000e+00,1.000000e-01,7.635153e-03,1.424945e-02,7.651291e-02
bc_only_w=0.1,1,2750,5.391720e-04,3.610915e-04,1.595300e-04,1.855057e-04,6.703649e-02,1.000000e+00,1.000000e-01,1.848304e-01,8.639440e-02,1.378258e-01
bc_only_w=0.1,1,3000,8.825074e-04,6.181902e-04,2.131420e-04,5.117524e-04,2.282864e-02,1.000000e+00,1.000000e-01,2.597619e-01,1.738963e-01,2.567161e-01
bc_only_w=0.1,2,0,7.932876e-01,5.608844e-02,7.359090e-01,1.290135e-02,8.619792e-01,1.000000e+00,1.000000e-01,1.755568e+00,4.826723e+00,4.108712e-01
bc_only_w=0.1,2,250,2.508380e-02,4.505401e-03,1.909731e-02,1.481091e-02,1.718813e-01,1.000000e+00,1.000000e-01,8.023211e-02,2.088844e-01,5.863705e-01
bc_only_w=0.1,2,500,3.410445e-03,2.357074e-04,2.283112e-03,8.916256e-03,6.710259e-02,1.000000e+00,1.000000e-01,3.291104e-02,9.709307e-02,1.271205e+00
bc_only_w=0.1,2,750,2.486678e-03,2.228189e-04,1.682728e-03,5.811312e-03,5.553976e-02,1.000000e+00,1.000000e-01,2.936582e-02,1.070602e-01,1.086053e+00
bc_only_w=0.1,2,1000,1.902614e-03,2.185211e-04,1.206434e-03,4.776595e-03,5.279541e-02,1.000000e+00,1.000000e-01,4.680521e-02,3.301769e-02,9.799612e-01
bc_only_w=0.1,2,1250,1.225534e-03,1.731622e-04,8.332017e-04,2.191697e-03,3.471227e-02,1.000000e+00,1.000000e-01,1.868708e-02,6.488138e-02,6.774556e-01
bc_only_w=0.1,2,1500,1.566408e-03,5.746331e-04,7.488762e-04,2.428989e-03,2.173395e-02,1.000000e+00,1.000000e-01,2.510711e-01,2.351659e-01,7.005937e-01
bc_only_w=0.1,2,1750,4.483939e-04,9.887353e-05,3.103222e-04,3.919807e-04,1.260009e-02,1.000000e+00,1.000000e-01,4.847293e-02,3.234523e-02,2.229675e-01
bc_only_w=0.1,2,2000,5.759405e-04,2.708158e-04,2.666628e-04,3.846196e-04,3.999300e-02,1.000000e+00,1.000000e-01,1.535443e-01,1.307672e-01,1.482165e-01
bc_only_w=0.1,2,2250,1.584637e-04,3.154574e-05,1.116105e-04,1.530742e-04,8.588589e-03,1.000000e+00,1.000000e-01,3.936033e-03,4.216686e-03,4.826026e-02
bc_only_w=0.1,2,2500,1.220696e-04,2.752294e-05,8.144505e-05,1.310162e-04,7.922057e-03,1.000000e+00,1.000000e-01,4.240543e-03,5.863684e-03,6.414671e-02
bc_only_w=0.1,2,2750,1.128869e-04,3.236688e-05,6.853053e-05,1.198945e-04,7.428169e-03,1.000000e+00,1.000000e-01,3.081326e-02,2.532241e-02,6.436329e-02
bc_only_w=0.1,2,3000,1.273178e-04,2.677403e-05,9.324251e-05,7.301310e-05,6.390582e-03,1.000000e+00,1.000000e-01,1.678900e-02,9.901847e-02,3.989899e-02
ic_only_w=10,0,0,5.304829e+00,8.854827e-02,5.196859e-01,1.942101e-02,8.162980e-01,1.000000e+01,1.000000e+00,2.125204e+00,4.032662e+00,6.365021e-01
ic_only_w=10,0,250,7.876949e-02,2.756604e-02,4.748931e-03,3.714143e-03,6.185339e-02,1.000000e+01,1.000000e+00,5.391397e-01,9.472673e-02,6.312165e-01
ic_only_w=10,0,500,2.345457e-02,3.784330e-03,1.630882e-03,3.361419e-03,3.706997e-02,1.000000e+01,1.000000e+00,2.618631e-01,7.617574e-02,7.664716e-01
ic_only_w=10,0,750,1.632060e-02,2.456211e-03,1.170339e-03,2.161001e-03,2.961806e-02,1.000000e+01,1.000000e+00,2.107199e-01,5.794855e-02,6.156508e-01
ic_only_w=10,0,1000,1.163995e-02,1.672324e-03,8.605274e-04,1.362357e-03,2.459755e-02,1.000000e+01,1.000000e+00,1.705731e-01,6.059961e-02,4.825820e-01
ic_only_w=10,0,1250,8.010926e-03,8.056650e-04,7.009217e-04,1.960435e-04,4.358253e-02,1.000000e+01,1.000000e+00,1.084799e-01,2.319618e-01,1.197587e-01
ic_only_w=10,0,1500,3.640490e-03,4.422635e-04,2.899651e-04,2.985757e-04,1.151332e-02,1.000000e+01,1.000000e+00,5.278753e-02,2.005578e-02,1.960806e-01
ic_only_w=10,0,1750,2.313142e-03,3.088658e-04,1.842333e-04,1.619432e-04,8.904766e-03,1.000000e+01,1.000000e+00,2.162511e-02,1.259470e-02,1.078929e-01
ic_only_w=10,0,2000,1.247487e-03,2.304945e-04,9.211816e-05,9.581094e-05,6.709280e-03,1.000000e+01,1.000000e+00,2.847845e-02,1.494953e-03,3.320311e-02
ic_only_w=10,0,2250,9.940520e-04,2.088325e-04,7.067443e-05,7.847518e-05,6.015943e-03,1.000000e+01,1.000000e+00,3.060267e-02,1.255201e-03,3.082621e-02
ic_only_w=10,0,2500,7.537718e-04,1.951796e-04,4.878554e-05,7.073685e-05,5.531793e-03,1.000000e+01,1.000000e+00,3.694319e-02,1.424051e-03,4.948195e-02
ic_only_w=10,0,2750,6.246826e-04,1.812262e-04,3.854122e-05,5.804414e-05,5.071452e-03,1.000000e+01,1.000000e+00,3.701446e-02,3.987073e-03,4.772368e-02
ic_only_w=10,0,3000,6.245572e-02,4.768090e-04,5.554811e-03,6.430805e-03,1.263755e-01,1.000000e+01,1.000000e+00,1.731666e-01,1.075370e+00,1.161387e+00
ic_only_w=10,1,0,6.881918e+00,2.589028e-02,6.840348e-01,1.567944e-02,7.575321e-01,1.000000e+01,1.000000e+00,1.390463e+00,5.149986e+00,1.087909e+00
ic_only_w=10,1,250,4.453260e-02,8.925251e-03,3.248769e-03,3.119657e-03,4.254114e-02,1.000000e+01,1.000000e+00,3.252008e-01,7.444484e-02,7.804458e-01
ic_only_w=10,1,500,2.530892e-02,2.843656e-03,1.746624e-03,4.999022e-03,3.280624e-02,1.000000e+01,1.000000e+00,2.090249e-01,1.317112e-01,1.042465e+00
ic_only_w=10,1,750,1.802523e-02,2.294849e-03,1.344002e-03,2.290360e-03,3.169027e-02,1.000000e+01,1.000000e+00,2.109338e-01,7.115443e-02,6.738150e-01
ic_only_w=10,1,1000,1.365454e-02,1.680583e-03,1.039971e-03,1.574243e-03,2.828624e-02,1.000000e+01,1.000000e+00,1.780869e-01,6.715105e-02,5.528989e-01
ic_only_w=10,1,1250,1.097863e-02,1.529307e-03,7.943542e-04,1.505780e-03,9.998253e-02,1.000000e+01,1.000000e+00,2.083061e-01,1.800647e-01,5.436065e-01
ic_only_w=10,1,1500,4.732690e-03,5.399574e-04,3.725405e-04,4.673277e-04,1.371250e-02,1.000000e+01,1.000000e+00,7.379151e-02,2.611467e-02,2.650096e-01
ic_only_w=10,1,1750,2.332501e-03,2.947382e-04,1.817120e-04,2.206424e-04,9.411784e-03,1.000000e+01,1.000000e+00,1.962716e-02,1.136658e-02,1.136360e-01
ic_only_w=10,1,2000,5.244854e-03,3.302253e-04,4.403265e-04,5.113647e-04,4.142527e-02,1.000000e+01,1.000000e+00,8.863641e-02,2.812746e-01,3.009221e-01
ic_only_w=10,1,2250,8.039038e-04,1.871763e-04,5.173589e-05,9.936866e-05,6.031742e-03,1.000000e+01,1.000000e+00,4.654161e-02,3.503743e-03,5.258170e-02
ic_only_w=10,1,2500,6.024999e-04,1.474420e-04,3.868636e-05,6.819427e-05,4.955053e-03,1.000000e+01,1.000000e+00,3.790892e-02,3.244288e-03,4.574113e-02
ic_only_w=10,1,2750,5.328067e-04,1.477377e-04,3.407654e-05,4.430353e-05,5.654464e-03,1.000000e+01,1.000000e+00,2.135819e-02,8.498789e-03,2.641451e-02
ic_only_w=10,1,3000,2.976300e-04,8.903562e-05,1.749600e-05,3.363441e-05,3.674172e-03,1.000000e+01,1.000000e+00,2.074525e-02,2.790039e-03,3.258661e-02
ic_only_w=10,2,0,7.428080e+00,5.608844e-02,7.359090e-01,1.290135e-02,7.202038e-01,1.000000e+01,1.000000e+00,1.755568e+00,4.826723e+00,4.108712e-01
ic_only_w=10,2,250,8.957612e-02,2.688313e-02,5.943293e-03,3.260060e-03,6.304699e-02,1.000000e+01,1.000000e+00,4.649632e-01,1.568119e-01,4.305754e-01
ic_only_w=10,2,500,2.253219e-02,4.097519e-03,1.416130e-03,4.273372e-03,4.204181e-02,1.000000e+01,1.000000e+00,3.834053e-01,8.675248e-02,8.825426e-01
ic_only_w=10,2,750,2.564260e-02,2.425983e-03,1.542487e-03,7.791746e-03,9.383871e-02,1.000000e+01,1.000000e+00,2.777816e-01,4.020159e-01,1.246869e+00
ic_only_w=10,2,1000,4.067057e-02,1.071242e-03,3.155608e-03,8.043250e-03,1.430089e-01,1.000000e+01,1.000000e+00,1.164807e-01,7.919611e-01,1.332499e+00
ic_only_w=10,2,1250,3.000850e-03,7.288327e-04,1.986365e-04,2.856525e-04,1.104981e-02,1.000000e+01,1.000000e+00,5.540769e-02,1.675614e-02,1.691149e-01
ic_only_w=10,2,1500,1.573573e-03,4.356741e-04,1.012479e-04,1.254201e-04,8.012654e-03,1.000000e+01,1.000000e+00,1.812233e-02,5.976073e-03,5.645925e-02
ic_only_w=10,2,1750,8.202990e-04,2.805730e-04,4.622769e-05,7.744906e-05,6.324832e-03,1.000000e+01,1.000000e+00,3.241217e-02,2.917564e-03,3.848386e-02
ic_only_w=10,2,2000,5.950123e-04,2.130540e-04,3.343355e-05,4.762291e-05,5.032765e-03,1.000000e+01,1.000000e+00,2.614267e-02,2.652417e-03,3.262303e-02
ic_only_w=10,2,2250,5.309634e-04,1.743039e-04,3.267857e-05,2.987379e-05,6.322919e-03,1.000000e+01,1.000000e+00,1.818302e-02,2.126337e-02,2.591388e-02
ic_only_w=10,2,2500,3.019762e-04,1.256027e-04,1.512282e-05,2.514526e-05,3.668912e-03,1.000000e+01,1.000000e+00,1.962218e-02,3.267029e-03,3.507820e-02
ic_only_w=10,2,2750,2.956953e-04,1.184769e-04,1.540183e-05,2.320008e-05,3.513431e-03,1.000000e+01,1.000000e+00,1.221108e-02,1.918972e-03,2.151527e-02
ic_only_w=10,2,3000,2.057659e-04,9.210970e-05,8.909668e-06,2.455951e-05,3.505477e-03,1.000000e+01,1.000000e+00,1.433952e-02,2.639281e-03,3.275518e-02
bc_only_w=10,0,0,8.024443e-01,8.854827e-02,5.196859e-01,1.942101e-02,7.378099e-01,1.000000e+00,1.000000e+01,2.125204e+00,4.032662e+00,6.365021e-01
bc_only_w=10,0,250,6.313615e-02,2.363515e-02,3.351194e-02,5.989051e-04,1.117346e-01,1.000000e+00,1.000000e+01,3.619525e-01,4.954438e-01,1.336667e-01
bc_only_w=10,0,500,1.032083e-02,2.861700e-03,6.854834e-03,6.042995e-05,4.359339e-02,1.000000e+00,1.000000e+01,2.020863e-01,1.808762e-01,3.264440e-02
bc_only_w=10,0,750,2.325039e-02,1.487165e-03,8.121804e-03,1.364142e-03,4.328319e-02,1.000000e+00,1.000000e+01,1.933722e-01,8.821722e-01,4.815487e-01
bc_only_w=10,0,1000,5.685987e-03,1.000384e-03,4.220122e-03,4.654810e-05,3.635213e-02,1.000000e+00,1.000000e+01,1.620727e-01,2.289690e-01,7.704767e-02
bc_only_w=10,0,1250,4.875115e-03,7.396943e-04,4.049387e-03,8.603433e-06,3.550551e-02,1.000000e+00,1.000000e+01,1.240452e-01,2.386329e-01,2.462663e-02
bc_only_w=10,0,1500,4.485785e-03,6.549819e-04,3.745196e-03,8.560610e-06,3.408613e-02,1.000000e+00,1.000000e+01,1.170729e-01,2.353813e-01,2.333304e-02
bc_only_w=10,0,1750,4.211292e-03,5.957233e-04,3.527895e-03,8.767396e-06,3.305996e-02,1.000000e+00,1.000000e+01,1.070813e-01,2.299609e-01,2.363534e-02
bc_only_w=10,0,2000,3.925108e-03,5.501095e-04,3.294762e-03,8.023658e-06,3.236621e-02,1.000000e+00,1.000000e+01,1.069435e-01,2.338635e-01,2.147839e-02
bc_only_w=10,0,2250,3.531931e-03,4.355877e-04,3.022002e-03,7.434095e-06,2.959582e-02,1.000000e+00,1.000000e+01,8.007859e-02,2.040330e-01,1.998818e-02
bc_only_w=10,0,2500,3.340865e-03,4.283543e-04,2.805479e-03,1.070313e-05,2.887694e-02,1.000000e+00,1.000000e+01,1.141576e-01,2.017998e-01,2.834064e-02
bc_only_w=10,0,2750,5.872175e-02,7.885774e-04,9.539339e-03,4.839384e-03,1.225844e-01,1.000000e+00,1.000000e+01,1.970075e-01,1.220051e+00,8.889696e-01
bc_only_w=10,0,3000,3.202451e-03,2.846789e-04,2.301187e-03,6.165849e-05,6.614410e-02,1.000000e+00,1.000000e+01,3.977229e-02,2.288203e-01,8.595642e-02
bc_only_w=10,1,0,8.667195e-01,2.589028e-02,6.840348e-01,1.567944e-02,6.746966e-01,1.000000e+00,1.000000e+01,1.390463e+00,5.149986e+00,1.087909e+00
bc_only_w=10,1,250,3.853660e-02,8.640024e-03,1.694335e-02,1.295323e-03,1.019358e-01,1.000000e+00,1.000000e+01,2.007277e-01,5.458242e-01,4.049734e-01
bc_only_w=10,1,500,7.457676e-03,1.822882e-03,5.215056e-03,4.197383e-05,4.242651e-02,1.000000e+00,1.000000e+01,2.002154e-01,1.936761e-01,4.400232e-02
bc_only_w=10,1,750,5.619494e-03,9.936581e-04,4.511723e-03,1.141126e-05,3.872107e-02,1.000000e+00,1.000000e+01,1.533512e-01,2.559995e-01,2.555024e-02
bc_only_w=10,1,1000,1.077599e-02,7.800005e-04,3.668337e-03,6.327655e-04,3.910320e-02,1.000000e+00,1.000000e+01,7.773283e-02,7.637421e-02,3.365410e-01
bc_only_w=10,1,1250,9.858035e-03,8.868877e-04,5.125149e-03,3.845999e-04,4.990252e-02,1.000000e+00,1.000000e+01,1.505560e-01,5.615844e-01,2.670505e-01
bc_only_w=10,1,1500,4.597168e-03,6.758024e-04,3.840493e-03,8.087264e-06,3.527836e-02,1.000000e+00,1.000000e+01,1.190798e-01,2.445416e-01,2.418659e-02
bc_only_w=10,1,1750,4.954782e-03,7.670735e-04,3.568276e-03,6.194331e-05,3.551659e-02,1.000000e+00,1.000000e+01,2.173824e-01,1.861999e-01,9.554338e-02
bc_only_w=10,1,2000,4.188222e-03,6.053698e-04,3.492336e-03,9.051652e-06,3.415019e-02,1.000000e+00,1.000000e+01,1.110154e-01,2.430232e-01,2.577667e-02
bc_only_w=10,1,2250,3.937360e-03,5.133640e-04,3.373430e-03,5.056569e-06,3.145473e-02,1.000000e+00,1.000000e+01,9.739657e-02,2.460446e-01,3.118488e-03
bc_only_w=10,1,2500,3.762984e-03,4.739861e-04,3.028641e-03,2.603575e-05,3.351352e-02,1.000000e+00,1.000000e+01,1.010578e-01,1.770521e-01,6.126618e-02
bc_only_w=10,1,2750,4.153292e-03,6.615591e-04,3.060764e-03,4.309687e-05,3.214193e-02,1.000000e+00,1.000000e+01,1.904126e-01,2.784982e-01,6.769476e-02
bc_only_w=10,1,3000,3.684190e-03,4.585877e-04,2.779373e-03,4.462294e-05,3.164851e-02,1.000000e+00,1.000000e+01,8.586953e-02,1.852506e-01,7.932781e-02
bc_only_w=10,2,0,9.210109e-01,5.608844e-02,7.359090e-01,1.290135e-02,9.743273e-01,1.000000e+00,1.000000e+01,1.755568e+00,4.826723e+00,4.108712e-01
bc_only_w=10,2,250,1.895555e-02,4.543147e-03,1.149186e-02,2.920541e-04,6.096829e-02,1.000000e+00,1.000000e+01,1.683881e-01,1.443664e-01,3.797835e-02
bc_only_w=10,2,500,7.525228e-03,1.657549e-03,5.526923e-03,3.407555e-05,4.128801e-02,1.000000e+00,1.000000e+01,1.869843e-01,3.075599e-01,2.821676e-02
bc_only_w=10,2,750,6.069658e-03,1.016852e-03,4.860121e-03,1.926848e-05,3.858248e-02,1.000000e+00,1.000000e+01,1.576844e-01,3.210999e-01,3.772819e-02
bc_only_w=10,2,1000,5.387466e-03,8.256247e-04,4.419591e-03,1.422507e-05,3.583280e-02,1.000000e+00,1.000000e+01,1.329019e-01,3.044480e-01,3.413922e-02
bc_only_w=10,2,1250,5.835734e-03,7.032935e-04,4.225491e-03,9.069506e-05,3.588689e-02,1.000000e+00,1.000000e+01,8.514051e-02,3.043417e-01,1.074185e-01
bc_only_w=10,2,1500,4.447659e-03,6.315885e-04,3.640453e-03,1.756186e-05,3.280910e-02,1.000000e+00,1.000000e+01,1.066963e-01,2.581156e-01,4.639812e-02
bc_only_w=10,2,1750,4.083181e-03,5.747658e-04,3.413049e-03,9.536669e-06,3.025973e-02,1.000000e+00,1.000000e+01,9.019338e-02,2.666476e-01,2.608342e-02
bc_only_w=10,2,2000,3.788581e-03,5.574356e-04,3.127132e-03,1.040135e-05,2.970175e-02,1.000000e+00,1.000000e+01,1.012503e-01,2.696500e-01,2.656891e-02
bc_only_w=10,2,2250,1.096265e-02,5.344715e-04,4.254018e-03,6.174161e-04,5.578135e-02,1.000000e+00,1.000000e+01,9.933982e-02,6.388791e-01,3.402663e-01
bc_only_w=10,2,2500,5.338583e-03,5.736666e-04,2.210971e-03,2.553945e-04,4.045659e-02,1.000000e+00,1.000000e+01,1.236186e-01,1.486682e-01,2.072515e-01
bc_only_w=10,2,2750,4.853523e-03,4.141774e-04,2.300861e-03,2.138484e-04,2.580971e-02,1.000000e+00,1.000000e+01,1.090746e-01,2.410367e-01,1.621383e-01
bc_only_w=10,2,3000,2.416907e-03,3.362465e-04,2.010915e-03,6.974579e-06,2.164319e-02,1.000000e+00,1.000000e+01,7.131328e-02,2.578987e-01,6.904793e-03
ic_only_w=100,0,0,5.207656e+01,8.854827e-02,5.196859e-01,1.942101e-02,8.356410e-01,1.000000e+02,1.000000e+00,2.125204e+00,4.032662e+00,6.365021e-01
ic_only_w=100,0,250,1.885854e+00,4.497938e-01,1.408170e-02,2.789024e-02,2.952448e-01,1.000000e+02,1.000000e+00,3.950739e+00,1.036111e+00,1.768327e+00
ic_only_w=100,0,500,2.070467e-01,4.189083e-02,1.529756e-03,1.218022e-02,8.294841e-02,1.000000e+02,1.000000e+00,8.755406e-01,1.293009e-02,1.266666e+00
ic_only_w=100,0,750,1.088446e-01,9.479429e-03,9.413269e-04,5.232519e-03,4.431104e-02,1.000000e+02,1.000000e+00,3.153951e-01,8.048843e-03,8.018636e-01
ic_only_w=100,0,1000,5.919991e-02,7.580559e-03,4.919618e-04,2.423163e-03,2.975805e-02,1.000000e+02,1.000000e+00,2.076156e-01,1.195738e-02,4.901139e-01
ic_only_w=100,0,1250,2.979174e-02,6.117604e-03,2.269234e-04,9.817906e-04,1.962360e-02,1.000000e+02,1.000000e+00,1.417089e-01,3.208196e-03,2.330088e-01
ic_only_w=100,0,1500,1.677652e-02,4.676467e-03,1.165661e-04,4.434405e-04,1.491790e-02,1.000000e+02,1.000000e+00,1.079460e-01,2.610763e-02,7.705232e-02
ic_only_w=100,0,1750,7.451648e-03,3.177717e-03,4.004269e-05,2.696623e-04,1.240282e-02,1.000000e+02,1.000000e+00,7.139703e-02,9.445194e-04,9.371993e-02
ic_only_w=100,0,2000,5.503587e-03,2.496910e-03,2.769368e-05,2.373082e-04,1.174565e-02,1.000000e+02,1.000000e+00,6.161946e-02,1.060260e-03,1.082626e-01
ic_only_w=100,0,2250,2.492685e-01,2.622264e-03,2.420414e-03,4.604817e-03,6.384733e-02,1.000000e+02,1.000000e+00,2.904190e-01,6.441150e-01,1.000906e+00
ic_only_w=100,0,2500,3.172799e-03,1.576765e-03,1.408499e-05,1.875351e-04,1.014742e-02,1.000000e+02,1.000000e+00,4.984834e-02,1.113643e-03,1.175423e-01
ic_only_w=100,0,2750,4.268027e-03,1.393527e-03,2.682067e-05,1.924335e-04,8.290091e-03,1.000000e+02,1.000000e+00,6.235326e-02,3.589905e-02,1.243167e-01
ic_only_w=100,0,3000,1.998194e-03,1.026603e-03,8.163084e-06,1.552820e-04,8.977293e-03,1.000000e+02,1.000000e+00,4.264995e-02,1.096957e-03,1.138235e-01
ic_only_w=100,1,0,6.844505e+01,2.589028e-02,6.840348e-01,1.567944e-02,7.795008e-01,1.000000e+02,1.000000e+00,1.390463e+00,5.149986e+00,1.087909e+00
ic_only_w=100,1,250,5.008867e-01,1.556870e-01,3.243805e-03,2.081918e-02,1.407401e-01,1.000000e+02,1.000000e+00,2.083467e+00,2.027361e-02,1.742185e+00
ic_only_w=100,1,500,8.757237e-01,1.936631e-02,8.516524e-03,4.705016e-03,1.973169e-01,1.000000e+02,1.000000e+00,1.207560e+00,1.219382e+00,6.788307e-01
ic_only_w=100,1,750,1.489900e-01,8.183787e-03,1.348631e-03,5.943171e-03,5.074656e-02,1.000000e+02,1.000000e+00,4.431806e-01,9.259639e-03,1.033353e+00
ic_only_w=100,1,1000,1.174887e-01,7.362187e-03,1.056501e-03,4.476440e-03,4.218149e-02,1.000000e+02,1.000000e+00,3.285456e-01,8.693079e-03,8.975419e-01
ic_only_w=100,1,1250,9.067661e-02,6.523941e-03,8.035460e-04,3.798071e-03,3.771302e-02,1.000000e+02,1.000000e+00,3.273316e-01,6.158929e-03,8.453432e-01
ic_only_w=100,1,1500,7.463384e-02,7.464143e-03,6.329986e-04,3.869837e-03,1.260429e-01,1.000000e+02,1.000000e+00,4.528531e-01,1.115424e-01,8.585911e-01
ic_only_w=100,1,1750,3.685772e-02,4.852477e-03,2.987059e-04,2.134654e-03,2.831281e-02,1.000000e+02,1.000000e+00,3.043668e-01,6.489776e-03,6.598212e-01
ic_only_w=100,1,2000,2.327404e-02,3.418932e-03,1.869780e-04,1.157314e-03,2.164093e-02,1.000000e+02,1.000000e+00,2.221307e-01,7.366293e-03,4.558809e-01
ic_only_w=100,1,2250,9.215537e-03,1.886241e-03,7.103039e-05,2.262569e-04,1.034809e-02,1.000000e+02,1.000000e+00,7.571381e-02,1.857586e-03,1.575558e-01
ic_only_w=100,1,2500,5.369490e-03,1.415297e-03,3.852975e-05,1.012188e-04,7.289285e-03,1.000000e+02,1.000000e+00,3.965008e-02,7.361370e-04,3.491034e-02
ic_only_w=100,1,2750,5.177792e-03,1.235120e-03,3.853061e-05,8.961205e-05,7.156505e-03,1.000000e+02,1.000000e+00,5.874738e-02,3.670985e-02,3.934228e-02
ic_only_w=100,1,3000,2.495346e-03,9.961210e-04,1.359005e-05,1.402194e-04,7.493260e-03,1.000000e+02,1.000000e+00,7.473172e-02,1.193882e-03,1.311197e-01
ic_only_w=100,2,0,7.365989e+01,5.608844e-02,7.359090e-01,1.290135e-02,6.992601e-01,1.000000e+02,1.000000e+00,1.755568e+00,4.826723e+00,4.108712e-01
ic_only_w=100,2,250,1.014070e+01,8.517709e-02,9.654472e-02,4.010525e-01,4.527933e-01,1.000000e+02,1.000000e+00,3.463689e+00,5.093841e-02,5.287118e+00
ic_only_w=100,2,500,1.240024e-01,2.189633e-02,9.364709e-04,8.458995e-03,6.548559e-02,1.000000e+02,1.000000e+00,5.710472e-01,1.156142e-02,1.151366e+00
ic_only_w=100,2,750,7.164057e-02,1.022047e-02,5.721329e-04,4.206807e-03,4.391740e-02,1.000000e+02,1.000000e+00,4.106056e-01,8.367128e-03,8.373720e-01
ic_only_w=100,2,1000,4.426097e-02,6.847187e-03,3.517669e-04,2.237090e-03,2.986353e-02,1.000000e+02,1.000000e+00,3.455197e-01,6.652966e-03,6.064948e-01
ic_only_w=100,2,1250,2.908981e-02,6.028073e-03,2.193601e-04,1.125724e-03,2.201214e-02,1.000000e+02,1.000000e+00,2.831128e-01,1.376928e-02,4.173211e-01
ic_only_w=100,2,1500,1.679676e-02,4.367184e-03,1.188157e-04,5.480069e-04,1.427760e-02,1.000000e+02,1.000000e+00,1.719349e-01,3.194912e-03,2.875868e-01
ic_only_w=100,2,1750,1.151345e-02,3.425823e-03,7.818747e-05,2.688794e-04,1.045272e-02,1.000000e+02,1.000000e+00,1.260213e-01,2.135736e-03,1.873113e-01
ic_only_w=100,2,2000,1.061349e-02,2.986787e-03,7.466847e-05,1.598578e-04,8.240235e-03,1.000000e+02,1.000000e+00,1.470932e-01,5.847578e-02,1.306657e-01
ic_only_w=100,2,2250,4.372557e-03,1.994554e-03,2.331879e-05,4.612429e-05,6.351384e-03,1.000000e+02,1.000000e+00,4.619530e-02,5.291695e-04,1.796797e-02
ic_only_w=100,2,2500,3.921617e-03,1.741387e-03,2.136851e-05,4.337902e-05,6.162026e-03,1.000000e+02,1.000000e+00,4.442015e-02,4.945147e-04,2.274764e-02
ic_only_w=100,2,2750,1.479243e-02,2.131644e-03,1.250420e-04,1.565781e-04,7.688991e-03,1.000000e+02,1.000000e+00,1.909581e-01,1.107908e-01,1.445301e-01
ic_only_w=100,2,3000,2.149835e-03,1.123528e-03,9.647210e-06,6.158595e-05,6.374140e-03,1.000000e+02,1.000000e+00,5.245082e-02,7.323672e-04,7.199693e-02
bc_only_w=100,0,0,2.550335e+00,8.854827e-02,5.196859e-01,1.942101e-02,7.885626e-01,1.000000e+00,1.000000e+02,2.125204e+00,4.032662e+00,6.365021e-01
bc_only_w=100,0,250,5.833673e-01,1.200809e-03,5.676717e-01,1.449483e-04,9.864675e-01,1.000000e+00,1.000000e+02,1.451765e-01,3.160770e+00,3.151102e-02
bc_only_w=100,0,500,5.749025e-01,1.220263e-03,5.587023e-01,1.497991e-04,9.798632e-01,1.000000e+00,1.000000e+02,1.634118e-01,3.384761e+00,3.369164e-02
bc_only_w=100,0,750,5.411584e-01,8.850185e-03,5.078659e-01,2.444229e-04,9.702374e-01,1.000000e+00,1.000000e+02,5.197066e-01,2.770371e+00,2.526807e-02
bc_only_w=100,0,1000,2.111750e-01,1.767808e-02,1.764033e-01,1.709363e-04,4.602322e-01,1.000000e+00,1.000000e+02,2.908003e-01,1.980764e+00,1.585597e-02
bc_only_w=100,0,1250,6.048950e-02,2.256768e-02,3.517233e-02,2.749489e-05,1.332641e-01,1.000000e+00,1.000000e+02,3.079983e-01,6.332839e-01,6.884851e-03
bc_only_w=100,0,1500,3.629700e-02,1.365038e-02,2.148095e-02,1.165674e-05,9.130989e-02,1.000000e+00,1.000000e+02,2.393929e-01,4.286653e-01,5.129814e-03
bc_only_w=100,0,1750,2.743800e-02,9.883650e-03,1.514525e-02,2.409104e-05,8.073863e-02,1.000000e+00,1.000000e+02,2.620757e-01,3.125191e-01,3.622968e-02
bc_only_w=100,0,2000,1.858104e-02,7.387950e-03,1.043899e-02,7.541064e-06,6.226401e-02,1.000000e+00,1.000000e+02,2.565457e-01,2.048847e-01,4.344050e-03
bc_only_w=100,0,2250,1.376648e-02,5.339794e-03,7.852266e-03,5.744189e-06,5.319431e-02,1.000000e+00,1.000000e+02,2.286243e-01,1.431229e-01,2.591100e-03
bc_only_w=100,0,2500,1.143158e-02,4.452388e-03,6.623043e-03,3.561473e-06,4.928416e-02,1.000000e+00,1.000000e+02,2.225554e-01,1.395955e-01,3.187505e-03
bc_only_w=100,0,2750,1.038893e-02,3.318084e-03,5.948583e-03,1.122267e-05,4.286911e-02,1.000000e+00,1.000000e+02,1.978654e-01,1.689048e-01,3.241924e-02
bc_only_w=100,0,3000,4.148566e-01,4.219944e-03,1.045240e-02,4.001842e-03,8.661760e-02,1.000000e+00,1.000000e+02,3.577317e-01,8.745891e-01,6.673271e-01
bc_only_w=100,1,0,2.277869e+00,2.589028e-02,6.840348e-01,1.567944e-02,6.724493e-01,1.000000e+00,1.000000e+02,1.390463e+00,5.149986e+00,1.087909e+00
bc_only_w=100,1,250,6.321321e-01,1.306278e-03,6.154835e-01,1.534229e-04,9.854740e-01,1.000000e+00,1.000000e+02,2.164373e-01,3.306314e+00,3.261818e-02
bc_only_w=100,1,500,5.640498e-01,5.454500e-03,5.330079e-01,2.558745e-04,9.281169e-01,1.000000e+00,1.000000e+02,4.226614e-01,3.709897e+00,3.446177e-02
bc_only_w=100,1,750,1.274538e-01,2.023302e-02,9.925181e-02,7.968982e-05,2.874103e-01,1.000000e+00,1.000000e+02,3.218994e-01,1.609024e+00,2.138538e-02
bc_only_w=100,1,1000,3.879360e-02,1.475403e-02,2.207994e-02,1.959645e-05,1.011232e-01,1.000000e+00,1.000000e+02,4.288587e-01,4.714424e-01,5.920267e-03
bc_only_w=100,1,1250,2.697978e-02,1.188402e-02,1.392758e-02,1.168170e-05,7.370913e-02,1.000000e+00,1.000000e+02,3.139127e-01,3.387723e-01,4.171466e-03
bc_only_w=100,1,1500,2.675207e-02,9.969477e-03,1.036671e-02,6.415882e-05,7.311290e-02,1.000000e+00,1.000000e+02,2.409309e-01,2.292009e-01,6.578615e-02
bc_only_w=100,1,1750,1.654788e-02,7.845555e-03,8.133309e-03,5.690146e-06,5.496113e-02,1.000000e+00,1.000000e+02,2.770485e-01,1.685623e-01,3.492849e-03
bc_only_w=100,1,2000,1.382846e-02,6.536602e-03,6.840111e-03,4.517464e-06,5.221946e-02,1.000000e+00,1.000000e+02,2.815110e-01,1.620186e-01,5.066389e-03
bc_only_w=100,1,2250,1.165044e-02,5.208422e-03,6.089249e-03,3.527647e-06,4.862770e-02,1.000000e+00,1.000000e+02,2.642998e-01,1.533456e-01,3.161159e-03
bc_only_w=100,1,2500,9.957058e-03,4.286972e-03,5.375460e-03,2.946258e-06,4.637963e-02,1.000000e+00,1.000000e+02,2.656299e-01,1.687562e-01,2.850653e-03
bc_only_w=100,1,2750,8.840629e-03,3.399112e-03,5.193340e-03,2.481758e-06,4.474825e-02,1.000000e+00,1.000000e+02,2.454108e-01,1.769664e-01,2.715284e-03
bc_only_w=100,1,3000,7.928060e-03,2.823266e-03,4.882770e-03,2.220253e-06,4.374885e-02,1.000000e+00,1.000000e+02,2.411666e-01,1.956111e-01,2.644154e-03
bc_only_w=100,2,0,2.082132e+00,5.608844e-02,7.359090e-01,1.290135e-02,1.185738e+00,1.000000e+00,1.000000e+02,1.755568e+00,4.826723e+00,4.108712e-01
bc_only_w=100,2,250,6.108137e-01,1.691118e-03,5.927908e-01,1.633180e-04,9.857820e-01,1.000000e+00,1.000000e+02,1.956243e-01,2.894309e+00,2.887942e-02
bc_only_w=100,2,500,6.020578e-01,2.868024e-03,5.822638e-01,1.692603e-04,9.759082e-01,1.000000e+00,1.000000e+02,2.971269e-01,2.880758e+00,2.470528e-02
bc_only_w=100,2,750,1.198857e-01,2.291668e-02,9.167873e-02,5.290283e-05,2.831528e-01,1.000000e+00,1.000000e+02,3.768191e-01,1.389894e+00,9.572804e-03
bc_only_w=100,2,1000,3.159842e-02,1.127079e-02,1.883024e-02,1.497389e-05,8.802514e-02,1.000000e+00,1.000000e+02,2.639332e-01,3.391012e-01,5.080725e-03
bc_only_w=100,2,1250,2.183847e-02,8.940647e-03,1.208749e-02,8.103320e-06,6.673255e-02,1.000000e+00,1.000000e+02,2.274309e-01,2.300946e-01,3.347983e-03
bc_only_w=100,2,1500,1.758200e-02,7.680989e-03,9.268101e-03,6.329054e-06,5.736285e-02,1.000000e+00,1.000000e+02,2.353540e-01,1.723393e-01,2.969973e-03
bc_only_w=100,2,1750,1.802845e-01,6.109240e-03,7.424877e-03,1.667503e-03,1.149801e-01,1.000000e+00,1.000000e+02,2.622318e-01,1.484129e-01,3.639633e-01
bc_only_w=100,2,2000,1.332169e-02,5.889127e-03,6.907722e-03,5.248387e-06,5.446288e-02,1.000000e+00,1.000000e+02,3.025163e-01,2.429628e-01,6.727614e-03
bc_only_w=100,2,2250,1.220257e-02,4.914199e-03,6.471819e-03,8.165505e-06,5.167195e-02,1.000000e+00,1.000000e+02,2.741618e-01,2.687255e-01,1.809398e-02
bc_only_w=100,2,2500,9.558921e-03,3.609831e-03,5.628694e-03,3.203952e-06,4.555013e-02,1.000000e+00,1.000000e+02,2.428692e-01,2.266520e-01,2.802893e-03
bc_only_w=100,2,2750,8.612355e-03,3.055034e-03,5.323419e-03,2.339014e-06,4.527671e-02,1.000000e+00,1.000000e+02,2.465710e-01,2.631476e-01,2.857223e-03
bc_only_w=100,2,3000,7.809975e-03,2.282094e-03,5.359152e-03,1.687290e-06,4.175420e-02,1.000000e+00,1.000000e+02,1.958547e-01,2.527786e-01,5.288876e-03
ic_starve_w=0.01,0,0,1.131661e-01,8.854827e-02,5.196859e-01,1.942101e-02,7.792018e-01,1.000000e-02,1.000000e+00,2.125204e+00,4.032662e+00,6.365021e-01
ic_starve_w=0.01,0,250,5.948744e-03,1.207797e-05,5.891694e-01,4.497232e-05,9.892297e-01,1.000000e-02,1.000000e+00,1.234438e-02,3.161662e+00,3.340350e-02
ic_starve_w=0.01,0,500,5.937201e-03,1.216744e-05,5.879811e-01,4.522275e-05,9.880263e-01,1.000000e-02,1.000000e+00,1.225485e-02,3.197957e+00,3.374942e-02
ic_starve_w=0.01,0,750,5.742793e-03,1.285640e-05,5.679417e-01,5.051956e-05,9.673805e-01,1.000000e-02,1.000000e+00,1.020682e-02,3.462409e+00,3.568156e-02
ic_starve_w=0.01,0,1000,4.445579e-03,1.611892e-04,4.045907e-01,2.384826e-04,7.935152e-01,1.000000e-02,1.000000e+00,6.800904e-03,3.267756e+00,3.139797e-02
ic_starve_w=0.01,0,1250,2.031023e-03,2.458891e-04,1.715157e-01,6.997692e-05,4.623034e-01,1.000000e-02,1.000000e+00,5.440526e-03,1.880719e+00,1.662440e-02
ic_starve_w=0.01,0,1500,9.612161e-04,1.900651e-04,7.221829e-02,4.896806e-05,2.244378e-01,1.000000e-02,1.000000e+00,5.150308e-03,9.693513e-01,1.079235e-02
ic_starve_w=0.01,0,1750,6.938300e-04,7.463121e-05,5.255193e-02,9.367958e-05,1.760994e-01,1.000000e-02,1.000000e+00,8.090890e-03,8.720227e-01,1.307821e-02
ic_starve_w=0.01,0,2000,5.567354e-04,4.206011e-05,3.994850e-02,1.151902e-04,1.485789e-01,1.000000e-02,1.000000e+00,9.777199e-03,7.591078e-01,1.311398e-02
ic_starve_w=0.01,0,2250,4.891200e-04,4.159948e-05,3.454085e-02,1.021120e-04,1.397573e-01,1.000000e-02,1.000000e+00,1.912718e-02,6.279351e-01,1.678427e-02
ic_starve_w=0.01,0,2500,3.970753e-04,4.033132e-05,2.464616e-02,1.102824e-04,1.159894e-01,1.000000e-02,1.000000e+00,6.736270e-03,4.844681e-01,4.648948e-02
ic_starve_w=0.01,0,2750,3.130805e-04,5.183230e-05,1.879548e-02,7.329338e-05,9.590045e-02,1.000000e-02,1.000000e+00,1.256050e-02,4.074244e-01,1.354133e-02
ic_starve_w=0.01,0,3000,2.838417e-04,5.401990e-05,1.603203e-02,6.950155e-05,9.166720e-02,1.000000e-02,1.000000e+00,1.011088e-02,3.503036e-01,1.884860e-02
ic_starve_w=0.01,1,0,4.841007e-02,2.589028e-02,6.840348e-01,1.567944e-02,6.799196e-01,1.000000e-02,1.000000e+00,1.390463e+00,5.149986e+00,1.087909e+00
ic_starve_w=0.01,1,250,6.324835e-03,2.386000e-05,6.247855e-01,5.312033e-05,9.736011e-01,1.000000e-02,1.000000e+00,1.292841e-02,3.629185e+00,3.688298e-02
ic_starve_w=0.01,1,500,6.775090e-03,2.101082e-04,3.724750e-01,2.840232e-03,8.039245e-01,1.000000e-02,1.000000e+00,2.327466e-02,3.640445e+00,4.926102e-01
ic_starve_w=0.01,1,750,2.620773e-03,4.611009e-04,1.986722e-01,1.729504e-04,4.643732e-01,1.000000e-02,1.000000e+00,1.298449e-02,2.542409e+00,2.236746e-02
ic_starve_w=0.01,1,1000,1.255856e-03,2.580166e-04,9.330021e-02,6.483724e-05,2.503565e-01,1.000000e-02,1.000000e+00,6.426618e-03,1.329231e+00,1.372449e-02
ic_starve_w=0.01,1,1250,7.588638e-04,5.264585e-05,6.233905e-02,8.282744e-05,1.861196e-01,1.000000e-02,1.000000e+00,7.516299e-03,1.114739e+00,1.374072e-02
ic_starve_w=0.01,1,1500,6.193945e-04,3.485510e-05,4.886310e-02,9.590844e-05,1.646883e-01,1.000000e-02,1.000000e+00,8.249669e-03,1.022587e+00,1.344876e-02
ic_starve_w=0.01,1,1750,5.280080e-04,5.111597e-05,3.819948e-02,9.489730e-05,1.444635e-01,1.000000e-02,1.000000e+00,9.351136e-03,8.724589e-01,1.313171e-02
ic_starve_w=0.01,1,2000,4.676214e-04,5.239400e-05,3.344201e-02,8.080737e-05,1.344672e-01,1.000000e-02,1.000000e+00,8.948877e-03,7.962814e-01,1.195037e-02
ic_starve_w=0.01,1,2250,3.930113e-04,6.159780e-05,2.502410e-02,8.117247e-05,1.137349e-01,1.000000e-02,1.000000e+00,1.036541e-02,6.235340e-01,1.237537e-02
ic_starve_w=0.01,1,2500,3.512387e-04,6.117557e-05,2.171020e-02,7.296114e-05,1.054479e-01,1.000000e-02,1.000000e+00,9.729721e-03,5.618687e-01,1.135754e-02
ic_starve_w=0.01,1,2750,3.020132e-04,6.538360e-05,1.594584e-02,7.717116e-05,8.742361e-02,1.000000e-02,1.000000e+00,1.077332e-02,4.087121e-01,1.171753e-02
ic_starve_w=0.01,1,3000,2.663393e-04,5.648777e-05,1.444911e-02,6.536049e-05,8.355624e-02,1.000000e-02,1.000000e+00,9.650366e-03,3.808624e-01,1.043007e-02
ic_starve_w=0.01,2,0,7.634888e-02,5.608844e-02,7.359090e-01,1.290135e-02,1.338454e+00,1.000000e-02,1.000000e+00,1.755568e+00,4.826723e+00,4.108712e-01
ic_starve_w=0.01,2,250,6.280789e-03,1.304803e-05,6.220161e-01,4.757974e-05,9.890519e-01,1.000000e-02,1.000000e+00,1.311682e-02,2.908468e+00,3.060796e-02
ic_starve_w=0.01,2,500,6.263897e-03,1.432406e-05,6.201761e-01,4.781124e-05,9.874135e-01,1.000000e-02,1.000000e+00,1.301367e-02,2.943403e+00,3.090152e-02
ic_starve_w=0.01,2,750,5.351824e-03,1.047214e-04,5.117629e-01,1.294735e-04,8.777328e-01,1.000000e-02,1.000000e+00,2.394004e-03,3.664756e+00,3.569052e-02
ic_starve_w=0.01,2,1000,2.692349e-03,2.753227e-04,2.226594e-01,1.904330e-04,5.270765e-01,1.000000e-02,1.000000e+00,4.190423e-02,2.432469e+00,5.367141e-02
ic_starve_w=0.01,2,1250,1.054375e-03,2.026857e-04,7.868718e-02,6.481755e-05,2.361158e-01,1.000000e-02,1.000000e+00,8.284233e-03,1.018412e+00,1.328573e-02
ic_starve_w=0.01,2,1500,6.472280e-04,3.968538e-05,5.020454e-02,1.054972e-04,1.692832e-01,1.000000e-02,1.000000e+00,1.015142e-02,7.925983e-01,1.357055e-02
ic_starve_w=0.01,2,1750,4.692428e-04,3.409888e-05,3.222539e-02,1.128900e-04,1.317133e-01,1.000000e-02,1.000000e+00,1.210493e-02,5.929147e-01,1.410204e-02
ic_starve_w=0.01,2,2000,3.921693e-04,4.626974e-05,2.526086e-02,9.329100e-05,1.147942e-01,1.000000e-02,1.000000e+00,1.122434e-02,4.884990e-01,1.284081e-02
ic_starve_w=0.01,2,2250,3.364744e-04,6.140533e-05,1.922536e-02,8.281543e-05,9.690667e-02,1.000000e-02,1.000000e+00,1.251070e-02,3.616176e-01,1.346716e-02
ic_starve_w=0.01,2,2500,1.106333e-03,1.156897e-04,1.897265e-02,8.009172e-04,1.152005e-01,1.000000e-02,1.000000e+00,4.498146e-02,5.824409e-01,3.161307e-01
ic_starve_w=0.01,2,2750,3.318945e-03,1.963720e-03,1.503808e-02,1.204845e-03,7.955963e-02,1.000000e-02,1.000000e+00,3.828750e-01,3.451184e-01,3.080221e-01
ic_starve_w=0.01,2,3000,2.526444e-04,5.980621e-05,1.283162e-02,6.452196e-05,7.483563e-02,1.000000e-02,1.000000e+00,1.139760e-02,2.440991e-01,1.216436e-02
bc_starve_w=0.01,0,0,6.084284e-01,8.854827e-02,5.196859e-01,1.942101e-02,7.143156e-01,1.000000e+00,1.000000e-02,2.125204e+00,4.032662e+00,6.365021e-01
bc_starve_w=0.01,0,250,4.110573e-02,9.095741e-03,3.157898e-02,4.310128e-02,3.740267e-01,1.000000e+00,1.000000e-02,9.502494e-02,1.895941e-01,1.361247e+00
bc_starve_w=0.01,0,500,5.497659e-03,3.047502e-03,2.252783e-03,1.973742e-02,1.047726e-01,1.000000e+00,1.000000e-02,5.807919e-01,7.619078e-02,1.827721e+00
bc_starve_w=0.01,0,750,1.935580e-03,1.631790e-04,1.597681e-03,1.747197e-02,9.414378e-02,1.000000e+00,1.000000e-02,1.241640e-02,1.686129e-02,1.773448e+00
bc_starve_w=0.01,0,1000,1.497264e-03,1.166917e-04,1.246369e-03,1.342025e-02,8.272220e-02,1.000000e+00,1.000000e-02,7.683997e-03,7.172448e-03,1.600317e+00
bc_starve_w=0.01,0,1250,1.600005e-03,5.258163e-04,9.735384e-04,1.006507e-02,7.509292e-02,1.000000e+00,1.000000e-02,2.397214e-01,4.950104e-02,1.421577e+00
bc_starve_w=0.01,0,1500,9.100949e-04,9.427722e-05,7.446001e-04,7.121754e-03,6.149393e-02,1.000000e+00,1.000000e-02,8.917328e-03,1.071941e-02,1.200381e+00
bc_starve_w=0.01,0,1750,1.647994e-03,8.329148e-04,7.807333e-04,3.434542e-03,5.669633e-02,1.000000e+00,1.000000e-02,3.050810e-01,2.349543e-01,7.842219e-01
bc_starve_w=0.01,0,2000,4.517350e-04,6.534543e-05,3.626270e-04,2.376253e-03,3.536767e-02,1.000000e+00,1.000000e-02,3.586362e-03,7.284528e-03,7.002130e-01
bc_starve_w=0.01,0,2250,3.802139e-04,6.486777e-05,2.946972e-04,2.064890e-03,3.191643e-02,1.000000e+00,1.000000e-02,2.307491e-02,1.780419e-02,6.546063e-01
bc_starve_w=0.01,0,2500,1.967998e-04,4.293455e-05,1.506336e-04,3.231745e-04,1.181460e-02,1.000000e+00,1.000000e-02,1.409931e-02,1.051223e-02,2.365154e-01
bc_starve_w=0.01,0,2750,1.726307e-03,8.859672e-05,1.617098e-03,2.061239e-03,3.249635e-02,1.000000e+00,1.000000e-02,5.905315e-02,5.964928e-01,6.352651e-01
bc_starve_w=0.01,0,3000,1.070196e-03,9.746826e-04,9.279046e-05,2.722901e-04,2.994046e-02,1.000000e+00,1.000000e-02,3.174032e-01,4.558493e-02,1.517670e-01
bc_starve_w=0.01,1,0,7.100819e-01,2.589028e-02,6.840348e-01,1.567944e-02,6.833324e-01,1.000000e+00,1.000000e-02,1.390463e+00,5.149986e+00,1.087909e+00
bc_starve_w=0.01,1,250,1.521284e-02,3.805934e-03,1.108433e-02,3.225798e-02,1.451876e-01,1.000000e+00,1.000000e-02,8.631588e-02,8.109608e-02,1.529068e+00
bc_starve_w=0.01,1,500,2.233085e-03,1.983666e-04,1.816344e-03,2.183746e-02,1.068886e-01,1.000000e+00,1.000000e-02,1.609691e-02,1.445508e-02,2.141180e+00
bc_starve_w=0.01,1,750,1.803748e-03,1.325444e-04,1.492758e-03,1.784455e-02,1.015787e-01,1.000000e+00,1.000000e-02,2.030916e-02,2.211386e-02,1.964305e+00
bc_starve_w=0.01,1,1000,1.542058e-03,1.313030e-04,1.276050e-03,1.347046e-02,1.033795e-01,1.000000e+00,1.000000e-02,6.076332e-02,1.080752e-01,1.722053e+00
bc_starve_w=0.01,1,1250,1.250164e-03,8.728033e-05,1.040531e-03,1.223535e-02,8.239510e-02,1.000000e+00,1.000000e-02,5.294280e-03,1.759582e-02,1.619860e+00
bc_starve_w=0.01,1,1500,1.038538e-03,7.035669e-05,8.697058e-04,9.847559e-03,7.419437e-02,1.000000e+00,1.000000e-02,5.480748e-03,1.428934e-02,1.436022e+00
bc_starve_w=0.01,1,1750,9.022878e-04,1.208034e-04,6.986575e-04,8.282696e-03,5.146470e-02,1.000000e+00,1.000000e-02,8.073024e-02,2.651775e-02,1.299401e+00
bc_starve_w=0.01,1,2000,6.024815e-04,5.204284e-05,5.041645e-04,4.627416e-03,4.989584e-02,1.000000e+00,1.000000e-02,1.045214e-02,5.982525e-03,9.745075e-01
bc_starve_w=0.01,1,2250,4.033644e-04,4.737150e-05,3.348938e-04,2.109908e-03,3.887660e-02,1.000000e+00,1.000000e-02,8.795877e-03,4.380644e-02,6.342548e-01
bc_starve_w=0.01,1,2500,5.945190e-04,1.077897e-04,4.702883e-04,1.644097e-03,3.126973e-02,1.000000e+00,1.000000e-02,7.644216e-02,2.683877e-01,5.747530e-01
bc_starve_w=0.01,1,2750,1.432961e-04,3.199100e-05,1.089962e-04,2.308888e-04,1.027629e-02,1.000000e+00,1.000000e-02,7.346433e-03,1.151627e-02,6.615345e-02
bc_starve_w=0.01,1,3000,9.292478e-05,2.458757e-05,6.503854e-05,3.298665e-04,1.161236e-02,1.000000e+00,1.000000e-02,1.853367e-03,1.967121e-03,1.515396e-01
bc_starve_w=0.01,2,0,7.921264e-01,5.608844e-02,7.359090e-01,1.290135e-02,8.606184e-01,1.000000e+00,1.000000e-02,1.755568e+00,4.826723e+00,4.108712e-01
bc_starve_w=0.01,2,250,1.052497e-01,5.640657e-05,9.848146e-02,6.711785e-01,6.035298e-01,1.000000e+00,1.000000e-02,2.594656e-02,5.384379e-02,5.668487e+00
bc_starve_w=0.01,2,500,3.122332e-03,6.195119e-04,2.297370e-03,2.054503e-02,1.060690e-01,1.000000e+00,1.000000e-02,1.659679e-02,2.136411e-02,1.892311e+00
bc_starve_w=0.01,2,750,2.058256e-03,2.391576e-04,1.649333e-03,1.697654e-02,9.409465e-02,1.000000e+00,1.000000e-02,2.914178e-02,6.773658e-03,1.788854e+00
bc_starve_w=0.01,2,1000,2.350978e-03,9.133835e-04,1.328170e-03,1.094245e-02,1.024240e-01,1.000000e+00,1.000000e-02,3.180366e-01,9.077512e-02,1.453911e+00
bc_starve_w=0.01,2,1250,1.206018e-03,1.823284e-04,9.335780e-04,9.011190e-03,6.923987e-02,1.000000e+00,1.000000e-02,1.721079e-02,4.932931e-03,1.304377e+00
bc_starve_w=0.01,2,1500,8.971705e-04,1.544933e-04,6.752920e-04,6.738527e-03,4.083377e-02,1.000000e+00,1.000000e-02,6.405902e-02,1.407417e-01,1.121906e+00
bc_starve_w=0.01,2,1750,4.125011e-04,7.460966e-05,3.167371e-04,2.115429e-03,3.419006e-02,1.000000e+00,1.000000e-02,2.976103e-03,6.448549e-03,6.013762e-01
bc_starve_w=0.01,2,2000,2.404927e-04,5.612338e-05,1.762759e-04,8.093412e-04,1.730223e-02,1.000000e+00,1.000000e-02,2.774277e-02,1.672305e-02,3.306436e-01
bc_starve_w=0.01,2,2250,2.113494e-03,5.210749e-04,1.571022e-03,2.139627e-03,4.865049e-02,1.000000e+00,1.000000e-02,2.201571e-01,5.543486e-01,6.257399e-01
bc_starve_w=0.01,2,2500,8.737107e-05,2.446120e-05,6.077264e-05,2.137233e-04,9.218229e-03,1.000000e+00,1.000000e-02,6.355296e-03,2.996461e-03,7.820115e-02
bc_starve_w=0.01,2,2750,6.247904e-05,1.711735e-05,4.177013e-05,3.591553e-04,1.099585e-02,1.000000e+00,1.000000e-02,1.018708e-02,2.227672e-02,1.916093e-01
bc_starve_w=0.01,2,3000,5.311994e-05,1.936992e-05,3.044419e-05,3.305839e-04,1.438877e-02,1.000000e+00,1.000000e-02,2.555436e-02,2.065374e-02,1.923245e-01
ic_starve_w=0.0001,0,0,1.080212e-01,8.854827e-02,5.196859e-01,1.942101e-02,7.805397e-01,1.000000e-04,1.000000e+00,2.125204e+00,4.032662e+00,6.365021e-01
ic_starve_w=0.0001,0,250,6.149671e-05,1.403488e-06,6.005715e-01,3.607680e-08,9.995653e-01,1.000000e-04,1.000000e+00,1.317882e-04,3.187838e+00,3.717638e-04
ic_starve_w=0.0001,0,500,6.063793e-05,5.393525e-07,6.007429e-01,2.429593e-08,9.995743e-01,1.000000e-04,1.000000e+00,1.050558e-04,3.184632e+00,3.517903e-04
ic_starve_w=0.0001,0,750,6.028444e-05,1.825648e-07,6.008594e-01,1.594008e-08,9.995835e-01,1.000000e-04,1.000000e+00,9.909479e-05,3.183076e+00,3.389847e-04
ic_starve_w=0.0001,0,1000,6.017569e-05,7.381275e-08,6.009142e-01,1.045921e-08,9.995841e-01,1.000000e-04,1.000000e+00,1.007401e-04,3.182315e+00,3.328885e-04
ic_starve_w=0.0001,0,1250,6.014350e-05,4.281201e-08,6.009266e-01,8.024556e-09,9.995721e-01,1.000000e-04,1.000000e+00,1.000722e-04,3.181830e+00,3.298819e-04
ic_starve_w=0.0001,0,1500,6.012936e-05,3.043622e-08,6.009163e-01,7.298124e-09,9.995494e-01,1.000000e-04,1.000000e+00,9.584392e-05,3.181480e+00,3.278240e-04
ic_starve_w=0.0001,0,1750,6.011919e-05,2.239627e-08,6.008949e-01,7.298663e-09,9.995200e-01,1.000000e-04,1.000000e+00,8.937391e-05,3.181246e+00,3.260250e-04
ic_starve_w=0.0001,0,2000,6.011067e-05,1.622158e-08,6.008680e-01,7.645395e-09,9.994866e-01,1.000000e-04,1.000000e+00,8.197864e-05,3.181139e+00,3.244725e-04
ic_starve_w=0.0001,0,2250,6.010353e-05,1.154241e-08,6.008379e-01,8.197308e-09,9.994506e-01,1.000000e-04,1.000000e+00,7.456216e-05,3.181166e+00,3.229999e-04
ic_starve_w=0.0001,0,2500,6.009756e-05,8.182124e-09,6.008048e-01,8.899622e-09,9.994125e-01,1.000000e-04,1.000000e+00,6.694845e-05,3.181348e+00,3.220196e-04
ic_starve_w=0.0001,0,2750,6.020775e-05,1.238321e-07,6.007621e-01,7.708251e-09,9.998397e-01,1.000000e-04,1.000000e+00,2.037872e-04,3.029480e+00,1.542757e-04
ic_starve_w=0.0001,0,3000,6.010952e-05,2.032076e-08,6.007998e-01,9.216329e-09,9.994275e-01,1.000000e-04,1.000000e+00,6.269448e-05,3.027877e+00,3.057091e-04
ic_starve_w=0.0001,1,0,4.163813e-02,2.589028e-02,6.840348e-01,1.567944e-02,6.806867e-01,1.000000e-04,1.000000e+00,1.390463e+00,5.149986e+00,1.087909e+00
ic_starve_w=0.0001,1,250,6.740141e-05,2.214066e-06,6.512986e-01,5.748855e-08,9.972261e-01,1.000000e-04,1.000000e+00,2.203235e-04,3.532919e+00,2.624250e-04
ic_starve_w=0.0001,1,500,6.542869e-05,2.373755e-07,6.511158e-01,7.972919e-08,9.972423e-01,1.000000e-04,1.000000e+00,1.790578e-04,3.531596e+00,3.783105e-04
ic_starve_w=0.0001,1,750,6.525008e-05,5.524729e-08,6.509714e-01,9.769857e-08,9.971966e-01,1.000000e-04,1.000000e+00,1.958270e-04,3.532340e+00,4.165695e-04
ic_starve_w=0.0001,1,1000,6.523077e-05,4.130015e-08,6.509141e-01,9.806675e-08,9.971724e-01,1.000000e-04,1.000000e+00,1.942627e-04,3.532957e+00,4.208267e-04
ic_starve_w=0.0001,1,1250,6.522109e-05,3.690320e-08,6.508794e-01,9.625344e-08,9.971518e-01,1.000000e-04,1.000000e+00,1.887714e-04,3.533622e+00,4.186208e-04
ic_starve_w=0.0001,1,1500,6.521464e-05,3.532854e-08,6.508409e-01,9.520970e-08,9.971237e-01,1.000000e-04,1.000000e+00,1.848374e-04,3.534453e+00,4.166008e-04
ic_starve_w=0.0001,1,1750,6.521012e-05,3.543250e-08,6.507944e-01,9.525148e-08,9.970857e-01,1.000000e-04,1.000000e+00,1.831444e-04,3.535468e+00,4.159172e-04
ic_starve_w=0.0001,1,2000,6.520648e-05,3.628121e-08,6.507391e-01,9.629979e-08,9.970378e-01,1.000000e-04,1.000000e+00,1.837632e-04,3.536668e+00,4.163124e-04
ic_starve_w=0.0001,1,2250,6.520302e-05,3.732196e-08,6.506754e-01,9.816323e-08,9.969799e-01,1.000000e-04,1.000000e+00,1.869198e-04,3.538075e+00,4.164302e-04
ic_starve_w=0.0001,1,2500,6.520773e-05,3.169406e-08,6.509029e-01,8.574441e-08,9.971982e-01,1.000000e-04,1.000000e+00,1.598189e-04,3.501466e+00,3.984443e-04
ic_starve_w=0.0001,1,2750,6.522430e-05,2.129807e-08,6.514034e-01,6.267574e-08,9.976344e-01,1.000000e-04,1.000000e+00,1.211133e-04,3.434155e+00,3.251002e-04
ic_starve_w=0.0001,1,3000,6.521897e-05,2.392881e-08,6.512780e-01,6.723580e-08,9.975586e-01,1.000000e-04,1.000000e+00,1.153262e-04,3.436148e+00,3.731812e-04
ic_starve_w=0.0001,2,0,6.906338e-02,5.608844e-02,7.359090e-01,1.290135e-02,1.345164e+00,1.000000e-04,1.000000e+00,1.755568e+00,4.826723e+00,4.108712e-01
ic_starve_w=0.0001,2,250,6.424498e-05,7.311019e-07,6.344937e-01,6.450714e-08,9.998375e-01,1.000000e-04,1.000000e+00,6.999263e-05,2.949664e+00,3.316059e-04
ic_starve_w=0.0001,2,500,6.388276e-05,3.784508e-07,6.346576e-01,3.854635e-08,9.998732e-01,1.000000e-04,1.000000e+00,2.707353e-05,2.948774e+00,3.050220e-04
ic_starve_w=0.0001,2,750,6.376390e-05,2.668550e-07,6.346788e-01,2.915947e-08,9.998836e-01,1.000000e-04,1.000000e+00,1.543130e-05,2.947255e+00,2.979987e-04
ic_starve_w=0.0001,2,1000,6.367413e-05,1.850460e-07,6.346632e-01,2.276840e-08,9.998850e-01,1.000000e-04,1.000000e+00,2.201819e-05,2.945663e+00,2.954512e-04
ic_starve_w=0.0001,2,1250,6.360329e-05,1.215614e-07,6.346401e-01,1.772015e-08,9.998819e-01,1.000000e-04,1.000000e+00,3.695871e-05,2.944397e+00,2.944418e-04
ic_starve_w=0.0001,2,1500,6.355049e-05,7.526346e-08,6.346132e-01,1.391103e-08,9.998739e-01,1.000000e-04,1.000000e+00,5.185962e-05,2.943547e+00,2.944458e-04
ic_starve_w=0.0001,2,1750,6.351337e-05,4.395632e-08,6.345822e-01,1.119967e-08,9.998601e-01,1.000000e-04,1.000000e+00,6.474425e-05,2.943070e+00,2.951054e-04
ic_starve_w=0.0001,2,2000,6.348864e-05,2.459150e-08,6.345466e-01,9.388263e-09,9.998396e-01,1.000000e-04,1.000000e+00,7.497718e-05,2.942847e+00,2.960100e-04
ic_starve_w=0.0001,2,2250,6.347270e-05,1.382428e-08,6.345060e-01,8.269284e-09,9.998116e-01,1.000000e-04,1.000000e+00,8.216834e-05,2.942773e+00,2.967897e-04
ic_starve_w=0.0001,2,2500,6.346216e-05,8.532171e-09,6.344597e-01,7.659191e-09,9.997758e-01,1.000000e-04,1.000000e+00,8.636291e-05,2.942759e+00,2.972453e-04
ic_starve_w=0.0001,2,2750,6.345440e-05,6.242376e-09,6.344073e-01,7.418643e-09,9.997317e-01,1.000000e-04,1.000000e+00,8.757132e-05,2.942770e+00,2.973756e-04
ic_starve_w=0.0001,2,3000,6.346306e-05,1.701096e-08,6.343793e-01,8.129661e-09,9.997577e-01,1.000000e-04,1.000000e+00,6.696989e-05,2.849107e+00,2.919027e-04
bc_starve_w=0.0001,0,0,6.082361e-01,8.854827e-02,5.196859e-01,1.942101e-02,7.143595e-01,1.000000e+00,1.000000e-04,2.125204e+00,4.032662e+00,6.365021e-01
bc_starve_w=0.0001,0,250,6.390341e-02,1.353965e-02,5.034711e-02,1.664832e-01,2.945075e-01,1.000000e+00,1.000000e-04,1.903453e-01,1.218658e-01,2.351098e+00
bc_starve_w=0.0001,0,500,3.216683e-03,4.509239e-04,2.742481e-03,2.327850e-01,3.526419e-01,1.000000e+00,1.000000e-04,1.656549e-02,1.350997e-02,5.791800e+00
bc_starve_w=0.0001,0,750,2.030818e-03,1.576466e-04,1.870102e-03,3.069634e-02,1.297694e-01,1.000000e+00,1.000000e-04,6.869513e-03,6.356982e-03,2.274237e+00
bc_starve_w=0.0001,0,1000,1.783141e-03,1.256729e-04,1.655746e-03,1.722324e-02,1.302458e-01,1.000000e+00,1.000000e-04,3.265879e-02,2.482719e-01,1.730671e+00
bc_starve_w=0.0001,0,1250,1.227635e-03,1.047812e-04,1.120111e-03,2.742806e-02,1.194162e-01,1.000000e+00,1.000000e-04,3.730109e-03,3.908835e-03,2.015477e+00
bc_starve_w=0.0001,0,1500,1.004816e-03,8.368526e-05,9.183269e-04,2.803415e-02,1.224865e-01,1.000000e+00,1.000000e-04,7.508559e-03,8.753833e-03,1.992595e+00
bc_starve_w=0.0001,0,1750,9.034575e-04,1.247933e-04,7.770442e-04,1.619990e-02,9.473901e-02,1.000000e+00,1.000000e-04,6.956976e-02,6.136218e-02,1.593696e+00
bc_starve_w=0.0001,0,2000,7.371301e-04,8.750652e-05,6.483055e-04,1.318104e-02,7.509006e-02,1.000000e+00,1.000000e-04,5.101930e-02,1.708314e-01,1.391580e+00
bc_starve_w=0.0001,0,2250,4.885452e-03,1.644612e-03,3.239810e-03,1.029718e-02,5.789820e-02,1.000000e+00,1.000000e-04,4.656576e-01,8.374051e-01,1.420093e+00
bc_starve_w=0.0001,0,2500,2.374471e-04,3.668413e-05,2.006179e-04,1.450089e-03,2.964298e-02,1.000000e+00,1.000000e-04,6.733898e-03,1.416240e-02,4.887654e-01
bc_starve_w=0.0001,0,2750,1.323751e-04,2.820839e-05,1.041422e-04,2.449430e-04,1.149217e-02,1.000000e+00,1.000000e-04,1.574579e-03,1.712190e-03,1.811173e-01
bc_starve_w=0.0001,0,3000,4.377365e-03,3.175400e-03,1.201750e-03,2.145828e-03,8.679531e-02,1.000000e+00,1.000000e-04,5.897591e-01,4.964060e-01,5.754100e-01
bc_starve_w=0.0001,1,0,7.099267e-01,2.589028e-02,6.840348e-01,1.567944e-02,6.833467e-01,1.000000e+00,1.000000e-04,1.390463e+00,5.149986e+00,1.087909e+00
bc_starve_w=0.0001,1,250,2.083192e-02,4.159951e-03,1.667007e-02,1.892955e-02,1.197186e-01,1.000000e+00,1.000000e-04,1.636059e-01,6.930211e-01,9.398657e-01
bc_starve_w=0.0001,1,500,2.208556e-03,2.053125e-04,2.000563e-03,2.680151e-02,1.264279e-01,1.000000e+00,1.000000e-04,1.290514e-02,3.706473e-02,2.279565e+00
bc_starve_w=0.0001,1,750,2.546967e-03,4.196977e-04,2.123283e-03,3.985517e-02,1.009653e-01,1.000000e+00,1.000000e-04,2.099521e-01,3.835764e-01,2.787495e+00
bc_starve_w=0.0001,1,1000,1.400527e-03,8.930222e-05,1.307264e-03,3.960750e-02,1.478382e-01,1.000000e+00,1.000000e-04,1.266165e-02,1.624736e-02,2.643111e+00
bc_starve_w=0.0001,1,1250,1.230872e-03,6.622610e-05,1.160129e-03,4.516520e-02,1.585271e-01,1.000000e+00,1.000000e-04,5.238269e-03,5.003727e-03,2.757856e+00
bc_starve_w=0.0001,1,1500,4.038977e-03,1.944235e-03,2.089415e-03,5.326727e-02,1.821200e-01,1.000000e+00,1.000000e-04,5.351822e-01,4.985221e-01,2.868862e+00
bc_starve_w=0.0001,1,1750,9.669710e-04,5.072717e-05,9.126404e-04,3.603490e-02,1.426011e-01,1.000000e+00,1.000000e-04,3.980919e-03,9.974943e-03,2.421613e+00
bc_starve_w=0.0001,1,2000,8.390789e-04,4.691444e-05,7.898269e-04,2.337589e-02,1.148922e-01,1.000000e+00,1.000000e-04,3.133722e-03,3.275854e-03,2.032115e+00
bc_starve_w=0.0001,1,2250,7.755040e-03,4.201904e-03,3.550155e-03,2.981070e-02,1.161851e-01,1.000000e+00,1.000000e-04,6.776949e-01,8.601400e-01,2.378373e+00
bc_starve_w=0.0001,1,2500,4.892414e-04,4.094149e-05,4.472863e-04,1.013657e-02,7.536212e-02,1.000000e+00,1.000000e-04,4.936428e-03,1.286871e-02,1.339548e+00
bc_starve_w=0.0001,1,2750,3.059194e-04,3.952734e-05,2.659734e-04,4.186326e-03,4.901635e-02,1.000000e+00,1.000000e-04,2.107756e-03,2.313441e-03,8.614147e-01
bc_starve_w=0.0001,1,3000,1.905135e-04,3.370212e-05,1.566380e-04,1.734597e-03,3.422653e-02,1.000000e+00,1.000000e-04,9.731658e-03,3.371917e-02,5.391403e-01
bc_starve_w=0.0001,2,0,7.919987e-01,5.608844e-02,7.359090e-01,1.290135e-02,8.603275e-01,1.000000e+00,1.000000e-04,1.755568e+00,4.826723e+00,4.108712e-01
bc_starve_w=0.0001,2,250,9.880894e-02,2.559511e-05,9.871285e-02,7.049730e-01,6.215377e-01,1.000000e+00,1.000000e-04,3.901605e-04,1.017467e-02,5.839849e+00
bc_starve_w=0.0001,2,500,3.466882e-03,8.064418e-04,2.647504e-03,1.293603e-01,2.620673e-01,1.000000e+00,1.000000e-04,2.487293e-02,1.922655e-02,4.160835e+00
bc_starve_w=0.0001,2,750,1.960909e-03,2.060587e-04,1.752285e-03,2.565741e-02,1.171079e-01,1.000000e+00,1.000000e-04,1.205766e-02,1.159368e-02,2.126304e+00
bc_starve_w=0.0001,2,1000,1.473178e-03,1.768791e-04,1.294572e-03,1.726324e-02,9.606812e-02,1.000000e+00,1.000000e-04,6.880709e-03,6.810470e-03,1.759112e+00
bc_starve_w=0.0001,2,1250,1.176908e-03,1.736576e-04,1.001022e-03,2.227568e-02,1.081286e-01,1.000000e+00,1.000000e-04,6.865515e-03,4.734789e-03,1.808230e+00
bc_starve_w=0.0001,2,1500,9.272404e-04,1.527825e-04,7.724586e-04,1.999262e-02,1.023303e-01,1.000000e+00,1.000000e-04,1.342392e-02,3.027595e-02,1.659171e+00
bc_starve_w=0.0001,2,1750,6.608338e-04,1.304372e-04,5.290983e-04,1.298336e-02,8.283264e-02,1.000000e+00,1.000000e-04,3.150998e-03,3.423221e-03,1.334371e+00
bc_starve_w=0.0001,2,2000,6.658022e-03,5.106834e-03,1.550955e-03,2.324898e-03,1.998077e-01,1.000000e+00,1.000000e-04,8.905009e-01,4.700089e-01,5.587788e-01
bc_starve_w=0.0001,2,2250,3.976171e-04,1.550551e-04,2.420580e-04,5.039715e-03,4.277434e-02,1.000000e+00,1.000000e-04,1.112375e-01,2.024832e-02,8.405931e-01
bc_starve_w=0.0001,2,2500,1.668662e-04,4.678864e-05,1.199027e-04,1.748296e-03,3.009909e-02,1.000000e+00,1.000000e-04,8.267471e-03,9.855508e-03,5.000690e-01
bc_starve_w=0.0001,2,2750,4.408232e-03,4.070126e-03,3.375381e-04,5.670922e-03,6.181983e-02,1.000000e+00,1.000000e-04,7.151763e-01,1.889031e-01,9.369085e-01
bc_starve_w=0.0001,2,3000,7.165707e-05,2.916108e-05,4.245717e-05,3.881960e-04,1.390224e-02,1.000000e+00,1.000000e-04,1.250006e-03,1.500401e-03,2.478396e-01
ic_starve_w=1e-06,0,0,1.079698e-01,8.854827e-02,5.196859e-01,1.942101e-02,7.805469e-01,1.000000e-06,1.000000e+00,2.125204e+00,4.032662e+00,6.365021e-01
ic_starve_w=1e-06,0,250,2.023777e-06,1.393850e-06,6.006874e-01,2.923949e-08,9.996699e-01,1.000000e-06,1.000000e+00,1.072868e-04,3.188123e+00,7.530722e-05
ic_starve_w=1e-06,0,500,1.145070e-06,5.262753e-07,6.008686e-01,1.792641e-08,9.996869e-01,1.000000e-06,1.000000e+00,6.503232e-05,3.184857e+00,5.154363e-05
ic_starve_w=1e-06,0,750,7.845978e-07,1.735889e-07,6.009974e-01,1.001147e-08,9.997073e-01,1.000000e-06,1.000000e+00,3.642336e-05,3.183244e+00,3.284710e-05
ic_starve_w=1e-06,0,1000,6.754798e-07,6.958248e-08,6.010666e-01,4.830791e-09,9.997219e-01,1.000000e-06,1.000000e+00,2.175710e-05,3.182385e+00,2.183664e-05
ic_starve_w=1e-06,0,1250,6.449476e-07,4.134599e-08,6.010956e-01,2.506063e-09,9.997265e-01,1.000000e-06,1.000000e+00,1.717851e-05,3.181753e+00,1.796142e-05
ic_starve_w=1e-06,0,1500,6.329178e-07,3.014232e-08,6.011043e-01,1.671216e-09,9.997233e-01,1.000000e-06,1.000000e+00,1.830780e-05,3.181194e+00,1.891745e-05
ic_starve_w=1e-06,0,1750,6.249680e-07,2.248989e-08,6.011047e-01,1.373470e-09,9.997160e-01,1.000000e-06,1.000000e+00,2.169143e-05,3.180686e+00,2.222531e-05
ic_starve_w=1e-06,0,2000,6.187419e-07,1.635928e-08,6.011027e-01,1.279996e-09,9.997078e-01,1.000000e-06,1.000000e+00,2.573476e-05,3.180238e+00,2.619678e-05
ic_starve_w=1e-06,0,2250,6.139367e-07,1.155487e-08,6.011006e-01,1.281296e-09,9.997002e-01,1.000000e-06,1.000000e+00,2.968090e-05,3.179851e+00,3.006364e-05
ic_starve_w=1e-06,0,2500,6.103954e-07,7.965040e-09,6.010993e-01,1.331024e-09,9.996942e-01,1.000000e-06,1.000000e+00,3.305900e-05,3.179521e+00,3.348810e-05
ic_starve_w=1e-06,0,2750,1.089794e-06,3.330138e-07,6.011807e-01,1.555990e-07,1.000716e+00,1.000000e-06,1.000000e+00,1.230947e-03,2.969269e+00,1.779104e-03
ic_starve_w=1e-06,0,3000,6.291903e-07,2.611223e-08,6.011069e-01,1.971193e-09,9.997329e-01,1.000000e-06,1.000000e+00,2.189311e-05,2.962884e+00,2.286172e-05
ic_starve_w=1e-06,1,0,4.157041e-02,2.589028e-02,6.840348e-01,1.567944e-02,6.807121e-01,1.000000e-06,1.000000e+00,1.390463e+00,5.149986e+00,1.087909e+00
ic_starve_w=1e-06,1,250,2.924415e-06,2.222324e-06,6.514803e-01,5.061037e-08,9.973814e-01,1.000000e-06,1.000000e+00,2.912765e-04,3.532818e+00,2.301658e-04
ic_starve_w=1e-06,1,500,9.647318e-07,2.459484e-07,6.513851e-01,6.739836e-08,9.974778e-01,1.000000e-06,1.000000e+00,3.064717e-04,3.530651e+00,3.012244e-04
ic_starve_w=1e-06,1,750,7.820708e-07,5.241458e-08,6.513489e-01,7.830727e-08,9.975352e-01,1.000000e-06,1.000000e+00,3.152869e-04,3.530297e+00,3.152028e-04
ic_starve_w=1e-06,1,1000,7.563860e-07,3.324838e-08,6.514183e-01,7.171928e-08,9.976327e-01,1.000000e-06,1.000000e+00,2.994719e-04,3.529589e+00,2.998460e-04
ic_starve_w=1e-06,1,1250,7.402728e-07,2.596291e-08,6.515281e-01,6.278173e-08,9.977512e-01,1.000000e-06,1.000000e+00,2.777795e-04,3.528727e+00,2.782141e-04
ic_starve_w=1e-06,1,1500,7.275885e-07,2.162977e-08,6.516508e-01,5.430791e-08,9.978781e-01,1.000000e-06,1.000000e+00,2.558865e-04,3.527847e+00,2.563577e-04
ic_starve_w=1e-06,1,1750,7.172322e-07,1.882474e-08,6.517810e-01,4.662643e-08,9.980098e-01,1.000000e-06,1.000000e+00,2.347927e-04,3.526968e+00,2.352670e-04
ic_starve_w=1e-06,1,2000,7.083083e-07,1.667584e-08,6.519165e-01,3.971592e-08,9.981449e-01,1.000000e-06,1.000000e+00,2.145538e-04,3.526110e+00,2.150718e-04
ic_starve_w=1e-06,1,2250,7.002893e-07,1.472844e-08,6.520561e-01,3.350484e-08,9.982823e-01,1.000000e-06,1.000000e+00,1.953091e-04,3.525291e+00,1.958038e-04
ic_starve_w=1e-06,1,2500,6.844737e-07,9.983473e-09,6.524351e-01,2.205516e-08,9.986296e-01,1.000000e-06,1.000000e+00,1.576841e-04,3.466338e+00,1.567309e-04
ic_starve_w=1e-06,1,2750,6.805556e-07,9.226692e-09,6.525192e-01,1.880966e-08,9.987281e-01,1.000000e-06,1.000000e+00,1.403943e-04,3.465865e+00,1.408159e-04
ic_starve_w=1e-06,1,3000,6.688987e-07,5.740526e-09,6.529111e-01,1.024717e-08,9.991135e-01,1.000000e-06,1.000000e+00,9.083444e-05,3.380160e+00,9.621251e-05
ic_starve_w=1e-06,2,0,6.899053e-02,5.608844e-02,7.359090e-01,1.290135e-02,1.345184e+00,1.000000e-06,1.000000e+00,1.755568e+00,4.826723e+00,4.108712e-01
ic_starve_w=1e-06,2,250,1.411677e-06,7.207899e-07,6.346218e-01,5.626482e-08,9.999473e-01,1.000000e-06,1.000000e+00,1.620682e-04,2.950200e+00,1.564746e-04
ic_starve_w=1e-06,2,500,1.041762e-06,3.761313e-07,6.348001e-01,3.083094e-08,9.999943e-01,1.000000e-06,1.000000e+00,1.453364e-04,2.949500e+00,1.451709e-04
ic_starve_w=1e-06,2,750,9.242430e-07,2.677688e-07,6.348368e-01,2.163737e-08,1.000019e+00,1.000000e-06,1.000000e+00,1.300438e-04,2.948196e+00,1.298540e-04
ic_starve_w=1e-06,2,1000,8.362836e-07,1.861442e-07,6.348397e-01,1.529970e-08,1.000039e+00,1.000000e-06,1.000000e+00,1.104080e-04,2.946831e+00,1.103322e-04
ic_starve_w=1e-06,2,1250,7.675204e-07,1.223431e-07,6.348388e-01,1.033844e-08,1.000057e+00,1.000000e-06,1.000000e+00,9.041551e-05,2.945808e+00,9.042834e-05
ic_starve_w=1e-06,2,1500,7.172125e-07,7.570195e-08,6.348379e-01,6.672684e-09,1.000074e+00,1.000000e-06,1.000000e+00,7.182613e-05,2.945203e+00,7.192230e-05
ic_starve_w=1e-06,2,1750,6.830733e-07,4.409310e-08,6.348373e-01,4.142979e-09,1.000090e+00,1.000000e-06,1.000000e+00,5.531557e-05,2.944948e+00,5.551204e-05
ic_starve_w=1e-06,2,2000,6.617974e-07,2.443764e-08,6.348368e-01,2.522968e-09,1.000103e+00,1.000000e-06,1.000000e+00,4.125720e-05,2.944921e+00,4.152315e-05
ic_starve_w=1e-06,2,2250,6.497601e-07,1.335454e-08,6.348363e-01,1.569354e-09,1.000114e+00,1.000000e-06,1.000000e+00,2.979516e-05,2.944993e+00,3.016580e-05
ic_starve_w=1e-06,2,2500,6.436013e-07,7.712161e-09,6.348357e-01,1.053417e-09,1.000122e+00,1.000000e-06,1.000000e+00,2.097488e-05,2.945061e+00,2.139248e-05
ic_starve_w=1e-06,2,2750,6.406881e-07,5.059399e-09,6.348352e-01,7.934741e-10,1.000127e+00,1.000000e-06,1.000000e+00,1.438992e-05,2.945060e+00,1.500697e-05
ic_starve_w=1e-06,2,3000,6.489728e-07,1.313441e-08,6.348310e-01,1.007454e-09,1.000133e+00,1.000000e-06,1.000000e+00,1.481609e-04,2.859719e+00,1.000553e-04
bc_starve_w=1e-06,0,0,6.082342e-01,8.854827e-02,5.196859e-01,1.942101e-02,7.143595e-01,1.000000e+00,1.000000e-06,2.125204e+00,4.032662e+00,6.365021e-01
bc_starve_w=1e-06,0,250,6.405541e-02,1.316313e-02,5.089210e-02,1.708643e-01,2.971821e-01,1.000000e+00,1.000000e-06,1.832069e-01,1.224333e-01,2.376321e+00
bc_starve_w=1e-06,0,500,3.155295e-03,4.549926e-04,2.700065e-03,2.372032e-01,3.615150e-01,1.000000e+00,1.000000e-06,7.217613e-02,3.131313e-02,5.856705e+00
bc_starve_w=1e-06,0,750,4.515735e-03,2.285428e-04,4.287141e-03,5.052231e-02,1.373079e-01,1.000000e+00,1.000000e-06,8.511871e-02,7.748256e-01,2.947386e+00
bc_starve_w=1e-06,0,1000,1.563779e-03,1.272608e-04,1.436499e-03,1.954675e-02,9.223596e-02,1.000000e+00,1.000000e-06,3.239964e-02,7.026178e-02,1.945034e+00
bc_starve_w=1e-06,0,1250,1.239069e-03,1.057285e-04,1.133315e-03,2.520501e-02,1.129884e-01,1.000000e+00,1.000000e-06,6.847236e-03,2.978968e-02,1.995927e+00
bc_starve_w=1e-06,0,1500,1.015713e-03,9.887293e-05,9.168158e-04,2.386998e-02,1.120497e-01,1.000000e+00,1.000000e-06,4.338923e-02,8.468326e-03,1.885350e+00
bc_starve_w=1e-06,0,1750,7.569187e-04,6.482584e-05,6.920756e-04,1.728417e-02,9.549387e-02,1.000000e+00,1.000000e-06,4.567647e-03,3.172011e-03,1.586144e+00
bc_starve_w=1e-06,0,2000,5.736327e-04,5.669299e-05,5.169302e-04,9.491226e-03,7.644918e-02,1.000000e+00,1.000000e-06,1.513026e-02,6.722673e-02,1.186870e+00
bc_starve_w=1e-06,0,2250,3.504471e-04,4.376438e-05,3.066782e-04,4.522383e-03,4.960083e-02,1.000000e+00,1.000000e-06,2.609247e-03,8.218736e-03,8.402843e-01
bc_starve_w=1e-06,0,2500,2.185968e-04,3.604677e-05,1.825489e-04,1.131088e-03,2.566742e-02,1.000000e+00,1.000000e-06,2.227394e-03,7.772090e-03,4.496255e-01
bc_starve_w=1e-06,0,2750,1.282402e-04,2.798212e-05,1.002579e-04,1.854817e-04,9.953369e-03,1.000000e+00,1.000000e-06,1.656513e-03,2.931024e-03,1.713556e-01
bc_starve_w=1e-06,0,3000,8.046965e-05,2.165913e-05,5.881044e-05,8.288173e-05,6.081450e-03,1.000000e+00,1.000000e-06,1.999257e-03,3.533088e-03,4.544285e-02
bc_starve_w=1e-06,1,0,7.099251e-01,2.589028e-02,6.840348e-01,1.567944e-02,6.833467e-01,1.000000e+00,1.000000e-06,1.390463e+00,5.149986e+00,1.087909e+00
bc_starve_w=1e-06,1,250,2.106002e-02,4.200860e-03,1.685915e-02,1.868896e-02,1.251072e-01,1.000000e+00,1.000000e-06,1.721440e-01,7.155568e-01,9.332951e-01
bc_starve_w=1e-06,1,500,2.234178e-03,2.232750e-04,2.010874e-03,2.895808e-02,1.256964e-01,1.000000e+00,1.000000e-06,3.672817e-02,1.192178e-02,2.341339e+00
bc_starve_w=1e-06,1,750,1.685727e-03,1.275113e-04,1.558187e-03,2.863939e-02,1.235969e-01,1.000000e+00,1.000000e-06,1.081218e-02,6.193703e-03,2.387629e+00
bc_starve_w=1e-06,1,1000,6.313523e-03,4.702413e-03,1.611049e-03,6.154333e-02,1.212038e-01,1.000000e+00,1.000000e-06,8.703486e-01,1.300222e-01,3.155544e+00
bc_starve_w=1e-06,1,1250,1.316168e-03,1.247417e-04,1.191377e-03,4.844448e-02,1.698735e-01,1.000000e+00,1.000000e-06,7.477431e-02,9.041703e-02,2.804338e+00
bc_starve_w=1e-06,1,1500,1.093990e-03,5.498968e-05,1.038949e-03,5.121090e-02,1.709580e-01,1.000000e+00,1.000000e-06,5.795445e-03,2.240832e-02,2.811225e+00
bc_starve_w=1e-06,1,1750,9.561476e-04,4.966481e-05,9.064412e-04,4.154754e-02,1.523740e-01,1.000000e+00,1.000000e-06,2.523791e-03,2.633819e-03,2.581599e+00
bc_starve_w=1e-06,1,2000,8.302888e-04,4.623509e-05,7.840236e-04,3.010955e-02,1.308593e-01,1.000000e+00,1.000000e-06,5.130758e-03,3.707609e-03,2.253357e+00
bc_starve_w=1e-06,1,2250,6.619240e-04,4.573292e-05,6.161712e-04,1.982031e-02,1.051712e-01,1.000000e+00,1.000000e-06,3.149028e-03,4.978917e-03,1.831153e+00
bc_starve_w=1e-06,1,2500,4.846737e-04,4.145828e-05,4.432027e-04,1.269368e-02,8.465946e-02,1.000000e+00,1.000000e-06,2.393560e-03,2.549460e-03,1.462821e+00
bc_starve_w=1e-06,1,2750,4.083140e-04,5.607588e-05,3.522331e-04,5.037196e-03,6.933515e-02,1.000000e+00,1.000000e-06,2.992887e-02,1.140736e-01,9.166906e-01
bc_starve_w=1e-06,1,3000,1.867648e-04,3.196839e-05,1.547937e-04,2.715823e-03,3.881496e-02,1.000000e+00,1.000000e-06,2.498230e-03,7.451495e-03,6.686102e-01
bc_starve_w=1e-06,2,0,7.919974e-01,5.608844e-02,7.359090e-01,1.290135e-02,8.603274e-01,1.000000e+00,1.000000e-06,1.755568e+00,4.826723e+00,4.108712e-01
bc_starve_w=1e-06,2,250,9.874162e-02,2.557295e-05,9.871534e-02,7.053105e-01,6.217177e-01,1.000000e+00,1.000000e-06,4.743404e-04,1.004612e-02,5.841600e+00
bc_starve_w=1e-06,2,500,3.477572e-03,8.102387e-04,2.667196e-03,1.372890e-01,2.673560e-01,1.000000e+00,1.000000e-06,3.690948e-02,5.759747e-02,4.296487e+00
bc_starve_w=1e-06,2,750,1.988218e-03,2.110849e-04,1.777104e-03,2.980822e-02,1.251570e-01,1.000000e+00,1.000000e-06,3.578084e-02,4.829666e-02,2.267326e+00
bc_starve_w=1e-06,2,1000,1.467698e-03,1.757685e-04,1.291912e-03,1.759681e-02,9.688454e-02,1.000000e+00,1.000000e-06,6.377012e-03,6.397930e-03,1.772056e+00
bc_starve_w=1e-06,2,1250,2.989670e-03,1.515934e-03,1.473714e-03,2.165389e-02,1.240269e-01,1.000000e+00,1.000000e-06,4.252984e-01,3.295533e-01,1.871539e+00
bc_starve_w=1e-06,2,1500,1.087618e-03,1.859704e-04,9.016249e-04,2.263530e-02,8.661463e-02,1.000000e+00,1.000000e-06,2.756577e-02,1.668237e-01,1.803487e+00
bc_starve_w=1e-06,2,1750,7.182494e-04,1.376052e-04,5.806317e-04,1.253901e-02,8.136754e-02,1.000000e+00,1.000000e-06,1.600108e-02,9.771408e-03,1.341368e+00
bc_starve_w=1e-06,2,2000,4.389023e-04,9.471915e-05,3.441744e-04,8.717611e-03,6.741108e-02,1.000000e+00,1.000000e-06,3.923746e-03,5.309340e-03,1.086423e+00
bc_starve_w=1e-06,2,2250,2.657688e-04,6.266352e-05,2.031004e-04,4.952137e-03,5.092717e-02,1.000000e+00,1.000000e-06,1.989910e-03,2.194347e-03,8.346505e-01
bc_starve_w=1e-06,2,2500,1.100672e-02,9.333664e-03,1.673054e-03,1.471569e-03,1.216142e-01,1.000000e+00,1.000000e-06,1.206418e+00,4.995491e-01,5.280438e-01
bc_starve_w=1e-06,2,2750,5.974130e-04,6.650625e-05,5.309054e-04,1.332143e-03,2.766795e-02,1.000000e+00,1.000000e-06,3.977112e-02,3.076858e-01,5.109391e-01
bc_starve_w=1e-06,2,3000,6.952632e-05,2.863365e-05,4.089226e-05,4.011829e-04,1.423869e-02,1.000000e+00,1.000000e-06,1.020636e-03,1.053578e-03,2.541177e-01
ic_starve_w=0,0,0,1.079693e-01,8.854827e-02,5.196859e-01,1.942101e-02,7.805469e-01,0.000000e+00,1.000000e+00,2.125204e+00,4.032662e+00,6.365021e-01
ic_starve_w=0,0,250,1.422978e-06,1.393762e-06,6.006886e-01,2.921654e-08,9.996709e-01,0.000000e+00,1.000000e+00,1.077239e-04,3.188125e+00,7.392278e-05
ic_starve_w=0,0,500,5.440610e-07,5.261530e-07,6.008699e-01,1.790799e-08,9.996881e-01,0.000000e+00,1.000000e+00,6.566953e-05,3.184859e+00,5.060286e-05
ic_starve_w=0,0,750,1.835081e-07,1.735104e-07,6.009988e-01,9.997766e-09,9.997085e-01,0.000000e+00,1.000000e+00,3.727610e-05,3.183245e+00,3.243041e-05
ic_starve_w=0,0,1000,7.437273e-08,6.955145e-08,6.010681e-01,4.821278e-09,9.997232e-01,0.000000e+00,1.000000e+00,2.275526e-05,3.182386e+00,2.190938e-05
ic_starve_w=0,0,1250,4.384229e-08,4.134429e-08,6.010973e-01,2.498000e-09,9.997281e-01,0.000000e+00,1.000000e+00,1.831067e-05,3.181754e+00,1.844654e-05
ic_starve_w=0,0,1500,3.181507e-08,3.015199e-08,6.011062e-01,1.663083e-09,9.997250e-01,0.000000e+00,1.000000e+00,1.941788e-05,3.181192e+00,1.959910e-05
ic_starve_w=0,0,1750,2.386618e-08,2.250323e-08,6.011068e-01,1.362953e-09,9.997180e-01,0.000000e+00,1.000000e+00,2.282306e-05,3.180681e+00,2.296442e-05
ic_starve_w=0,0,2000,1.764076e-08,1.637366e-08,6.011050e-01,1.267101e-09,9.997100e-01,0.000000e+00,1.000000e+00,2.680265e-05,3.180231e+00,2.696601e-05
ic_starve_w=0,0,2250,1.283288e-08,1.156824e-08,6.011032e-01,1.264633e-09,9.997028e-01,0.000000e+00,1.000000e+00,3.070096e-05,3.179841e+00,3.081489e-05
ic_starve_w=0,0,2500,9.285745e-09,7.975262e-09,6.011022e-01,1.310482e-09,9.996971e-01,0.000000e+00,1.000000e+00,3.394068e-05,3.179509e+00,3.423839e-05
ic_starve_w=0,0,2750,2.430228e-06,1.300426e-06,6.015185e-01,1.129801e-06,9.997015e-01,0.000000e+00,1.000000e+00,3.384844e-03,2.966238e+00,4.904319e-03
ic_starve_w=0,0,3000,2.866216e-08,2.670284e-08,6.011104e-01,1.959323e-09,9.997371e-01,0.000000e+00,1.000000e+00,2.242131e-05,2.957961e+00,2.274431e-05
ic_starve_w=0,1,0,4.156972e-02,2.589028e-02,6.840348e-01,1.567944e-02,6.807122e-01,0.000000e+00,1.000000e+00,1.390463e+00,5.149986e+00,1.087909e+00
ic_starve_w=0,1,250,2.273008e-06,2.222414e-06,6.514821e-01,5.059380e-08,9.973829e-01,0.000000e+00,1.000000e+00,2.922540e-04,3.532817e+00,2.327256e-04
ic_starve_w=0,1,500,3.133787e-07,2.460533e-07,6.513878e-01,6.732534e-08,9.974802e-01,0.000000e+00,1.000000e+00,3.078031e-04,3.530641e+00,3.025263e-04
ic_starve_w=0,1,750,1.305842e-07,5.241349e-08,6.513527e-01,7.817071e-08,9.975386e-01,0.000000e+00,1.000000e+00,3.165164e-04,3.530276e+00,3.160730e-04
ic_starve_w=0,1,1000,1.047260e-07,3.319848e-08,6.514233e-01,7.152751e-08,9.976373e-01,0.000000e+00,1.000000e+00,3.005352e-04,3.529559e+00,3.005364e-04
ic_starve_w=0,1,1250,8.842824e-08,2.589180e-08,6.515343e-01,6.253644e-08,9.977570e-01,0.000000e+00,1.000000e+00,2.787295e-04,3.528684e+00,2.787709e-04
ic_starve_w=0,1,1500,7.555268e-08,2.153817e-08,6.516585e-01,5.401450e-08,9.978853e-01,0.000000e+00,1.000000e+00,2.566451e-04,3.527790e+00,2.566940e-04
ic_starve_w=0,1,1750,6.500699e-08,1.871530e-08,6.517901e-01,4.629168e-08,9.980184e-01,0.000000e+00,1.000000e+00,2.353337e-04,3.526900e+00,2.354590e-04
ic_starve_w=0,1,2000,5.589835e-08,1.655541e-08,6.519274e-01,3.934294e-08,9.981550e-01,0.000000e+00,1.000000e+00,2.151253e-04,3.526030e+00,2.151594e-04
ic_starve_w=0,1,2250,4.769668e-08,1.459335e-08,6.520686e-01,3.310333e-08,9.982940e-01,0.000000e+00,1.000000e+00,1.955487e-04,3.525199e+00,1.956122e-04
ic_starve_w=0,1,2500,3.153797e-08,9.766836e-09,6.524454e-01,2.177113e-08,9.986647e-01,0.000000e+00,1.000000e+00,1.517753e-04,3.465683e+00,1.521204e-04
ic_starve_w=0,1,2750,2.753795e-08,9.100850e-09,6.525343e-01,1.843710e-08,9.987425e-01,0.000000e+00,1.000000e+00,1.401979e-04,3.465224e+00,1.403399e-04
ic_starve_w=0,1,3000,1.609054e-08,5.799146e-09,6.529073e-01,1.029139e-08,9.991049e-01,0.000000e+00,1.000000e+00,9.372801e-05,3.384518e+00,9.636151e-05
ic_starve_w=0,2,0,6.898979e-02,5.608844e-02,7.359090e-01,1.290135e-02,1.345184e+00,0.000000e+00,1.000000e+00,1.755568e+00,4.826723e+00,4.108712e-01
ic_starve_w=0,2,250,7.769337e-07,7.207023e-07,6.346231e-01,5.623143e-08,9.999484e-01,0.000000e+00,1.000000e+00,1.632786e-04,2.950205e+00,1.567822e-04
ic_starve_w=0,2,500,4.069205e-07,3.761195e-07,6.348016e-01,3.080101e-08,9.999955e-01,0.000000e+00,1.000000e+00,1.466698e-04,2.949507e+00,1.459781e-04
ic_starve_w=0,2,750,2.894002e-07,2.677904e-07,6.348384e-01,2.160986e-08,1.000021e+00,0.000000e+00,1.000000e+00,1.313547e-04,2.948206e+00,1.307457e-04
ic_starve_w=0,2,1000,2.014438e-07,1.861700e-07,6.348414e-01,1.527388e-08,1.000040e+00,0.000000e+00,1.000000e+00,1.117034e-04,2.946843e+00,1.112200e-04
ic_starve_w=0,2,1250,1.326795e-07,1.223659e-07,6.348407e-01,1.031365e-08,1.000059e+00,0.000000e+00,1.000000e+00,9.168191e-05,2.945823e+00,9.128868e-05
ic_starve_w=0,2,1500,8.237033e-08,7.571981e-08,6.348402e-01,6.650522e-09,1.000076e+00,0.000000e+00,1.000000e+00,7.304065e-05,2.945222e+00,7.275573e-05
ic_starve_w=0,2,1750,4.823108e-08,4.410782e-08,6.348398e-01,4.123260e-09,1.000092e+00,0.000000e+00,1.000000e+00,5.651980e-05,2.944971e+00,5.628308e-05
ic_starve_w=0,2,2000,2.695649e-08,2.444929e-08,6.348397e-01,2.507194e-09,1.000106e+00,0.000000e+00,1.000000e+00,4.243703e-05,2.944948e+00,4.225538e-05
ic_starve_w=0,2,2250,1.492089e-08,1.336354e-08,6.348397e-01,1.557350e-09,1.000117e+00,0.000000e+00,1.000000e+00,3.090852e-05,2.945024e+00,3.082900e-05
ic_starve_w=0,2,2500,8.763771e-09,7.718278e-09,6.348396e-01,1.045493e-09,1.000125e+00,0.000000e+00,1.000000e+00,2.201516e-05,2.945099e+00,2.198584e-05
ic_starve_w=0,2,2750,5.851943e-09,5.062897e-09,6.348397e-01,7.890458e-10,1.000131e+00,0.000000e+00,1.000000e+00,1.546197e-05,2.945103e+00,1.549136e-05
ic_starve_w=0,2,3000,1.377694e-08,1.276497e-08,6.348370e-01,1.011975e-09,1.000144e+00,0.000000e+00,1.000000e+00,1.583545e-04,2.861379e+00,1.026032e-04
bc_starve_w=0,0,0,6.082342e-01,8.854827e-02,5.196859e-01,1.942101e-02,7.143595e-01,1.000000e+00,0.000000e+00,2.125204e+00,4.032662e+00,6.365021e-01
bc_starve_w=0,0,250,6.405686e-02,1.315934e-02,5.089751e-02,1.709081e-01,2.972091e-01,1.000000e+00,0.000000e+00,1.831347e-01,1.224392e-01,2.376571e+00
bc_starve_w=0,0,500,3.124326e-03,4.228626e-04,2.701463e-03,2.425653e-01,3.553046e-01,1.000000e+00,0.000000e+00,2.650130e-02,3.378830e-02,5.923383e+00
bc_starve_w=0,0,750,2.090537e-03,1.599961e-04,1.930541e-03,3.553555e-02,1.477812e-01,1.000000e+00,0.000000e+00,1.682347e-02,1.097790e-01,2.368156e+00
bc_starve_w=0,0,1000,1.561573e-03,1.402752e-04,1.421298e-03,1.808311e-02,9.947658e-02,1.000000e+00,0.000000e+00,5.052967e-02,8.465081e-03,1.873696e+00
bc_starve_w=0,0,1250,1.224255e-03,1.062235e-04,1.118031e-03,2.515079e-02,1.145102e-01,1.000000e+00,0.000000e+00,3.675712e-03,3.856928e-03,1.972445e+00
bc_starve_w=0,0,1500,9.946168e-04,8.292359e-05,9.116932e-04,2.413513e-02,1.123894e-01,1.000000e+00,0.000000e+00,3.369722e-03,3.383805e-03,1.869377e+00
bc_starve_w=0,0,1750,8.849228e-04,8.192537e-05,8.029974e-04,2.130356e-02,8.239713e-02,1.000000e+00,0.000000e+00,3.935295e-02,1.477578e-01,1.780167e+00
bc_starve_w=0,0,2000,5.512979e-04,5.301632e-05,4.982816e-04,1.046216e-02,7.349264e-02,1.000000e+00,0.000000e+00,4.959649e-03,1.106166e-02,1.262482e+00
bc_starve_w=0,0,2250,3.854302e-04,4.544493e-05,3.399852e-04,3.996050e-03,4.671670e-02,1.000000e+00,0.000000e+00,1.526819e-02,3.338116e-03,8.420303e-01
bc_starve_w=0,0,2500,2.333783e-04,3.693674e-05,1.964416e-04,1.446297e-03,2.783885e-02,1.000000e+00,0.000000e+00,1.993166e-03,3.102307e-03,5.029879e-01
bc_starve_w=0,0,2750,2.110898e-04,6.877715e-05,1.423127e-04,3.112194e-04,1.733903e-02,1.000000e+00,0.000000e+00,6.818154e-02,8.474607e-02,2.035016e-01
bc_starve_w=0,0,3000,7.922870e-05,2.188247e-05,5.734622e-05,9.808351e-05,6.951985e-03,1.000000e+00,0.000000e+00,9.173762e-03,1.183204e-02,5.761429e-02
bc_starve_w=0,1,0,7.099251e-01,2.589028e-02,6.840348e-01,1.567944e-02,6.833467e-01,1.000000e+00,0.000000e+00,1.390463e+00,5.149986e+00,1.087909e+00
bc_starve_w=0,1,250,2.106892e-02,4.201956e-03,1.686696e-02,1.868038e-02,1.253386e-01,1.000000e+00,0.000000e+00,1.723056e-01,7.166747e-01,9.332879e-01
bc_starve_w=0,1,500,2.236451e-03,2.226687e-04,2.013782e-03,2.809214e-02,1.278571e-01,1.000000e+00,0.000000e+00,4.091505e-02,3.629616e-02,2.304790e+00
bc_starve_w=0,1,750,1.678748e-03,1.264113e-04,1.552337e-03,2.899656e-02,1.259169e-01,1.000000e+00,0.000000e+00,6.116826e-03,5.179656e-03,2.402022e+00
bc_starve_w=0,1,1000,2.088083e-03,7.278150e-04,1.360268e-03,4.603374e-02,1.435250e-01,1.000000e+00,0.000000e+00,3.065231e-01,7.398698e-02,2.793843e+00
bc_starve_w=0,1,1250,8.524658e-03,6.409468e-03,2.115190e-03,7.452631e-02,1.497044e-01,1.000000e+00,0.000000e+00,1.022948e+00,4.033480e-01,3.351615e+00
bc_starve_w=0,1,1500,1.097868e-03,5.531175e-05,1.042556e-03,4.945316e-02,1.683069e-01,1.000000e+00,0.000000e+00,7.159879e-03,1.555635e-02,2.773009e+00
bc_starve_w=0,1,1750,9.645344e-04,4.876639e-05,9.157680e-04,3.972827e-02,1.491589e-01,1.000000e+00,0.000000e+00,2.489650e-03,2.579807e-03,2.544952e+00
bc_starve_w=0,1,2000,8.509269e-04,5.160808e-05,7.993188e-04,2.660372e-02,1.239060e-01,1.000000e+00,0.000000e+00,2.466831e-02,5.564565e-03,2.129970e+00
bc_starve_w=0,1,2250,6.847227e-04,4.343196e-05,6.412908e-04,1.894863e-02,1.035312e-01,1.000000e+00,0.000000e+00,4.033428e-03,4.652531e-03,1.801562e+00
bc_starve_w=0,1,2500,4.947450e-04,4.372198e-05,4.510230e-04,1.138970e-02,8.009566e-02,1.000000e+00,0.000000e+00,2.550118e-03,2.887143e-03,1.395576e+00
bc_starve_w=0,1,2750,3.541962e-04,4.495560e-05,3.092406e-04,6.538053e-03,5.605114e-02,1.000000e+00,0.000000e+00,2.749360e-02,7.702558e-02,1.064123e+00
bc_starve_w=0,1,3000,1.818537e-04,3.226831e-05,1.495854e-04,2.665705e-03,3.920357e-02,1.000000e+00,0.000000e+00,3.003596e-03,2.936119e-03,6.613820e-01
bc_starve_w=0,2,0,7.919974e-01,5.608844e-02,7.359090e-01,1.290135e-02,8.603274e-01,1.000000e+00,0.000000e+00,1.755568e+00,4.826723e+00,4.108712e-01
bc_starve_w=0,2,250,9.874094e-02,2.557282e-05,9.871536e-02,7.053139e-01,6.217195e-01,1.000000e+00,0.000000e+00,4.760353e-04,1.004492e-02,5.841619e+00
bc_starve_w=0,2,500,3.461611e-03,8.065777e-04,2.655033e-03,1.368370e-01,2.689890e-01,1.000000e+00,0.000000e+00,2.215873e-02,1.867315e-02,4.295768e+00
bc_starve_w=0,2,750,1.980472e-03,2.111590e-04,1.769313e-03,2.868226e-02,1.285200e-01,1.000000e+00,0.000000e+00,2.125026e-02,2.471761e-02,2.207066e+00
bc_starve_w=0,2,1000,1.485873e-03,1.838822e-04,1.301991e-03,1.669070e-02,9.540260e-02,1.000000e+00,0.000000e+00,1.656067e-02,2.198202e-02,1.746506e+00
bc_starve_w=0,2,1250,1.176473e-03,1.740320e-04,1.002441e-03,2.161295e-02,1.069421e-01,1.000000e+00,0.000000e+00,9.106698e-03,5.205103e-03,1.788299e+00
bc_starve_w=0,2,1500,9.232066e-04,1.526451e-04,7.705616e-04,1.983030e-02,1.022719e-01,1.000000e+00,0.000000e+00,1.063404e-02,2.339956e-02,1.652389e+00
bc_starve_w=0,2,1750,1.835290e-03,4.768186e-04,1.358471e-03,1.588679e-02,9.201311e-02,1.000000e+00,0.000000e+00,2.114890e-01,4.315532e-01,1.534091e+00
bc_starve_w=0,2,2000,4.679240e-04,1.007994e-04,3.671246e-04,7.691624e-03,6.493441e-02,1.000000e+00,0.000000e+00,1.822606e-02,1.359918e-02,1.029454e+00
bc_starve_w=0,2,2250,2.973799e-04,6.671176e-05,2.306681e-04,4.874667e-03,5.092171e-02,1.000000e+00,0.000000e+00,3.570656e-03,3.077431e-03,8.289519e-01
bc_starve_w=0,2,2500,1.625414e-04,4.778860e-05,1.147528e-04,2.347609e-03,3.473566e-02,1.000000e+00,0.000000e+00,1.549857e-03,1.744021e-03,5.801516e-01
bc_starve_w=0,2,2750,1.106515e-04,3.731643e-05,7.333510e-05,9.652802e-04,2.305742e-02,1.000000e+00,0.000000e+00,1.095414e-02,3.280110e-03,3.780134e-01
bc_starve_w=0,2,3000,3.140752e-04,2.654741e-04,4.860113e-05,2.180094e-04,2.555238e-02,1.000000e+00,0.000000e+00,1.554889e-01,3.367452e-02,1.633972e-01
adaptive,0,0,2.158253e+01,8.854827e-02,5.196859e-01,1.942101e-02,7.140950e-01,3.572338e+01,1.508187e+02,2.125204e+00,4.032662e+00,6.365021e-01
adaptive,0,250,1.507363e+01,7.313110e-01,2.871641e-03,2.308032e-03,2.930222e-01,3.673559e+03,1.643467e+03,1.158797e+01,1.034130e-01,3.109248e-01
adaptive,0,500,2.524410e+02,5.278950e-01,1.132287e-03,3.330729e-04,1.379698e-01,2.173267e+05,1.752448e+04,6.497074e+00,3.228253e-03,4.943013e-02
adaptive,0,750,3.782673e+02,8.803923e-01,1.061450e-03,4.156634e-04,1.723232e-01,3.425025e+05,3.329091e+04,7.829739e+00,5.763637e-03,5.075137e-02
adaptive,0,1000,1.660477e+02,9.118058e-01,4.814822e-04,1.478993e-04,2.341671e-01,3.286375e+05,4.667223e+04,7.855673e+00,3.452810e-03,2.224928e-02
adaptive,0,1250,1.492655e+01,8.803887e-01,5.360007e-05,2.404265e-05,3.049499e-01,2.353832e+05,5.946127e+04,8.545833e+00,1.973008e-03,4.122233e-03
adaptive,0,1500,4.660323e+02,2.963665e+00,7.815210e-04,4.635282e-04,6.496895e-01,5.104314e+05,1.384076e+05,2.968417e+01,1.839846e-02,6.638854e-02
adaptive,0,1750,2.901081e+02,2.205577e+00,3.606130e-04,1.791398e-04,4.645972e-01,6.997715e+05,1.984805e+05,2.127234e+01,9.579483e-03,3.061260e-02
adaptive,0,2000,1.294157e+02,1.903703e+00,1.132407e-04,6.423634e-05,3.097791e-01,9.755601e+05,2.652531e+05,1.596025e+01,7.190642e-03,2.709817e-02
adaptive,0,2250,1.601353e+01,1.876742e+00,3.739146e-05,1.903609e-05,2.751938e-01,3.121802e+05,1.294337e+05,1.604302e+01,1.992329e-03,5.898910e-03
adaptive,0,2500,6.573103e+02,2.481720e+00,8.103680e-04,2.476529e-04,8.362773e-01,6.448551e+05,5.340485e+05,2.755843e+01,2.813921e-02,2.057305e-02
adaptive,0,2750,3.291708e+02,2.240419e+00,5.279820e-04,1.567961e-04,7.591806e-01,4.929241e+05,4.252356e+05,2.549353e+01,1.783270e-02,1.951230e-02
adaptive,0,3000,2.686198e+02,2.092064e+00,3.461265e-04,1.105811e-04,6.999008e-01,5.954690e+05,5.463876e+05,2.411412e+01,1.433075e-02,1.493474e-02
adaptive,1,0,9.399578e+00,2.589028e-02,6.840348e-01,1.567944e-02,6.890456e-01,1.279864e+01,3.947678e+01,1.390463e+00,5.149986e+00,1.087909e+00
adaptive,1,250,1.044271e+02,1.605476e+00,3.070439e-03,2.050315e-03,3.544967e-01,2.318779e+04,1.542445e+04,1.094464e+01,1.287180e-01,4.363250e-01
adaptive,1,500,5.527983e+01,9.849596e-01,2.183123e-03,8.195519e-04,3.824191e-01,2.119531e+04,9.789372e+03,7.560141e+00,6.370573e-02,1.358785e-01
adaptive,1,750,3.906675e+01,6.932305e-01,1.893982e-03,7.755387e-04,3.391759e-01,1.703895e+04,7.868144e+03,6.168231e+00,5.101408e-02,1.086838e-01
adaptive,1,1000,2.045294e+01,4.646869e-01,1.526994e-03,7.442835e-04,2.500662e-01,1.067708e+04,4.950286e+03,4.690208e+00,4.992006e-02,1.057837e-01
adaptive,1,1250,1.409965e+01,4.087093e-01,1.211479e-03,6.371665e-04,1.889939e-01,9.087241e+03,4.209161e+03,3.881635e+00,4.762574e-02,1.016063e-01
adaptive,1,1500,3.236085e+01,4.011965e-01,9.561891e-04,4.701027e-04,1.863911e-01,2.725888e+04,1.253984e+04,3.515849e+00,3.907155e-02,8.420399e-02
adaptive,1,1750,3.179349e+01,3.982084e-01,6.444029e-04,2.915182e-04,3.142550e-01,3.992127e+04,1.944956e+04,4.233775e+00,2.777479e-02,5.613488e-02
adaptive,1,2000,2.067182e+01,3.938175e-01,4.265222e-04,1.455540e-04,4.097793e-01,3.760255e+04,2.912791e+04,6.492473e+00,2.370017e-02,3.008730e-02
adaptive,1,2250,9.876605e+01,8.209392e-01,1.025919e-03,4.973765e-04,5.844217e-01,6.902791e+04,5.454233e+04,1.298021e+01,4.099638e-02,1.547020e-01
adaptive,1,2500,3.797988e+01,6.727057e-01,3.403948e-04,1.167587e-04,5.231902e-01,8.939625e+04,5.890056e+04,1.139926e+01,1.454594e-02,2.153504e-02
adaptive,1,2750,2.881392e+00,5.992814e-01,7.352383e-05,2.747033e-05,4.801823e-01,2.429278e+04,1.805630e+04,1.066086e+01,1.412783e-02,9.757450e-03
adaptive,1,3000,1.136987e+02,8.825256e-01,1.255640e-03,3.077089e-04,6.566850e-01,7.579810e+04,5.733024e+04,1.767171e+01,3.500708e-02,4.544787e-02
adaptive,2,0,1.519345e+01,5.608844e-02,7.359090e-01,1.290135e-02,8.559887e-01,1.814950e+01,1.380464e+02,1.755568e+00,4.826723e+00,4.108712e-01
adaptive,2,250,1.331725e+02,5.047182e-01,8.000194e-03,2.731987e-03,4.148648e-01,7.950037e+03,2.528047e+04,7.357056e+00,1.484265e-01,3.283394e-01
adaptive,2,500,2.975842e+01,6.006569e-01,2.680148e-03,2.830676e-04,3.158536e-01,9.089302e+03,1.694679e+04,5.107512e+00,1.036225e-01,5.507518e-02
adaptive,2,750,3.020074e+01,6.261820e-01,2.301020e-03,2.436204e-04,3.312690e-01,1.073166e+04,2.003442e+04,5.208628e+00,8.031581e-02,4.279803e-02
adaptive,2,1000,2.341207e+01,6.168318e-01,1.991420e-03,2.045572e-04,3.635323e-01,9.600347e+03,1.797501e+04,5.530109e+00,6.628616e-02,3.531152e-02
adaptive,2,1250,1.735725e+01,6.637536e-01,1.607294e-03,1.177677e-04,3.887757e-01,8.811635e+03,2.148816e+04,7.229171e+00,5.570180e-02,1.990285e-02
adaptive,2,1500,2.064520e+01,5.451810e-01,1.846677e-03,2.154730e-04,2.620752e-01,7.890093e+03,2.566241e+04,4.866685e+00,1.126240e-01,3.421072e-02
adaptive,2,1750,1.877535e+01,5.162571e-01,1.752730e-03,1.489113e-04,2.832935e-01,8.170348e+03,2.644982e+04,4.659027e+00,8.930678e-02,2.750947e-02
adaptive,2,2000,2.789245e+01,5.193686e-01,1.520999e-03,1.114076e-04,3.108568e-01,1.456149e+04,4.690047e+04,4.945120e+00,7.164316e-02,2.217760e-02
adaptive,2,2250,3.238175e+01,6.247284e-01,9.928938e-04,7.196143e-05,3.379405e-01,2.592293e+04,8.363242e+04,6.022022e+00,4.619548e-02,1.415896e-02
adaptive,2,2500,5.209651e+02,1.331422e+00,3.778321e-04,3.436823e-05,5.389868e-01,1.232209e+06,1.573130e+06,1.563791e+01,3.839987e-03,3.061282e-03
adaptive,2,2750,4.827960e+01,4.064730e-01,1.679805e-03,3.294958e-04,2.120677e-01,2.273884e+04,2.936699e+04,3.855195e+00,7.695924e-02,5.930707e-02
adaptive,2,3000,2.196046e+01,3.966889e-01,1.661397e-03,3.283262e-04,2.092257e-01,1.032287e+04,1.344208e+04,3.772991e+00,7.631016e-02,5.842777e-02
